"","ID","Mean","SD","Modal","Median","Kurtosis","Skewness","Rq","Ra","Rsk","Rku","ASM","CONT","CORR","IDM","ENT","Flake.ID","Flake.Time","Dorsal.Ventral","No.Photo","Photo.Type","Flake.Number","Flint.Type"
"1","HDisc_01_11 Neocortex 01c.tif ",78.8051,48.0084,52,72,0.1928,0.6877,92.238,78.962,1.404,2.265,0.00075485625,2590.37363125,0.000190696875,0.04392375,7.47864375,"HDisc_01_11","Neocortex","01","1","Screened","11","GeoSample"
"2","HDisc_01_11 Neocortex 2c.tif ",79.4588,49.0694,57,72,0.2201,0.7342,93.279,79.431,1.425,2.324,0.00067605,2580.71723125,0.000193216875,0.043569375,7.6160375,"HDisc_01_11","Neocortex","01","2","Screened","11","GeoSample"
"3","HDisc_01_11 Neocortex 3c.tif ",79.246,48.648,48,72,0.09645,0.6573,92.902,79.279,1.412,2.268,0.00053045625,2622.32743125,0.00018902375,0.0397,7.8183,"HDisc_01_11","Neocortex","01","3","Screened","11","GeoSample"
"4","HDisc_01_11 Neocortex 4c.tif ",83.636,49.8806,52,80,-0.1841,0.5215,97.097,83.571,1.384,2.157,0.0004967,2769.1243375,0.000178855,0.039334375,7.85678125,"HDisc_01_11","Neocortex","01","4","Screened","11","GeoSample"
"5","HDisc_01_11 Neocortex 5c.tif ",72.931,42.9089,57,65,1.1128,0.9028,84.399,73.105,1.428,2.39,0.0009690375,2430.54530625,0.00018597875,0.044943125,7.27573125,"HDisc_01_11","Neocortex","01","5","Screened","11","GeoSample"
"6","Hdisc_01_12 Neocortex 01c.tif ",81.6403,47.6198,78,78,0.006416,0.51,94.272,81.652,1.365,2.125,0.00051288125,2489.18659375,0.0001995875,0.041239375,7.82883125,"Hdisc_01_12","Neocortex","01","1","Screened","12","GeoSample"
"7","Hdisc_01_14 Neocortex 1c.tif ",92.8643,50.2287,86,90,-0.2795,0.3427,105.524,92.899,1.306,1.914,0.000547375,3166.68004375,0.0001487075,0.038661875,7.73456875,"Hdisc_01_14","Neocortex","01","1","Screened","14","GeoSample"
"8","HDisc_02_04 Neocortex 01c.tif ",72.9752,46.1215,47,66,0.4515,0.7352,86.321,72.905,1.43,2.381,0.0004077125,2257.53444375,0.000221125,0.040278125,8.10106875,"HDisc_02_04","Neocortex","01","1","Screened","04","GeoSample"
"9","HDisc_07_14 Neocortex 01c.tif ",97.5721,48.2273,100,96,-0.2795,0.217,108.828,97.351,1.262,1.757,0.00047205,3214.7771125,0.000134841875,0.03394125,7.88733125,"HDisc_07_14","Neocortex","01","1","Screened","14","GeoSample"
"10","HDisc_07_14 Neocortex 2c.tif ",92.8069,46.6795,91,91,-0.1081,0.2884,103.636,92.765,1.287,1.833,0.000438675,2829.86364375,0.000162668125,0.03569625,7.98179375,"HDisc_07_14","Neocortex","01","2","Screened","14","GeoSample"
"11","HDisc_07_14 Neocortex 3c.tif ",97.8123,48.9589,104,98,-0.3499,0.1969,109.089,97.765,1.278,1.787,0.00038305625,3187.48935625,0.00014154875,0.03236375,8.0868375,"HDisc_07_14","Neocortex","01","3","Screened","14","GeoSample"
"12","HDisc_07_14 Neocortex 4c.tif ",93.9463,46.1703,98,95,-0.1883,0.2046,104.512,94.145,1.262,1.765,0.00034373125,2855.28070625,0.000156999375,0.032515625,8.2122375,"HDisc_07_14","Neocortex","01","4","Screened","14","GeoSample"
"13","HDisc_07_14 Neocortex 5c.tif ",88.5717,48.9443,77,83,-0.06056,0.489,101.059,88.335,1.34,2.023,0.0003848,2844.69010625,0.000170515,0.034293125,8.12235,"HDisc_07_14","Neocortex","01","5","Screened","14","GeoSample"
"14","HDisc_07_23 Neocortex 1c.tif ",97.7909,50.0058,96,96,-0.3983,0.2404,109.881,97.861,1.275,1.796,0.0004657625,3334.3056,0.000134879375,0.0339525,7.88171875,"HDisc_07_23","Neocortex","01","1","Screened","23","GeoSample"
"15","HDisc_07_23 Neocortex 2c.tif ",92.93,49.0223,88,92,-0.25,0.3476,105.056,93.27,1.297,1.875,0.00045081875,3317.4484375,0.000130520625,0.033248125,7.92669375,"HDisc_07_23","Neocortex","01","2","Screened","23","GeoSample"
"16","HDisc_07_23 Neocortex 3c.tif ",89.9835,47.3678,85,89,-0.1441,0.3863,101.72,89.864,1.302,1.882,0.0006916,3179.28090625,0.00013180375,0.037691875,7.50618125,"HDisc_07_23","Neocortex","01","3","Screened","23","GeoSample"
"17","HDisc_07_23 Neocortex 4c.tif ",96.9583,50.2892,92,96,-0.3897,0.2756,109.203,97.048,1.284,1.827,0.00046750625,3267.05761875,0.000141388125,0.0344025,7.8809875,"HDisc_07_23","Neocortex","01","4","Screened","23","GeoSample"
"18","RMS_44 Neocortex 01c.tif ",76.6749,46.2872,51,71,0.6979,0.8541,89.314,76.616,1.435,2.385,0.000537025,2667.262025,0.000177128125,0.038455625,7.87206875,"RMS_44","Neocortex","01","1","Screened","44","Type_4"
"19","RMS_46 00.01.01a.tif ",47.2606,31.1064,36,42,7.538,1.9779,56.373,47.305,1.675,3.826,0.0011773125,1212.12743125,0.0003878625,0.055924375,7.18838125,"RMS_46","Fresh","01","01","Sequential","46","Type_4"
"20","RMS_46 00.01.02a.tif ",44.9346,31.5385,32,38,8.8639,2.2505,54.942,44.88,1.763,4.389,0.0014518125,1166.771,0.00041673125,0.058970625,7.02165,"RMS_46","Fresh","01","02","Sequential","46","Type_4"
"21","RMS_46 00.01.03a.tif ",49.7199,32.2344,37,45,6.4643,1.8124,59.278,49.785,1.612,3.506,0.00094854375,1310.15660625,0.0003574,0.051583125,7.38041875,"RMS_46","Fresh","01","03","Sequential","46","Type_4"
"22","RMS_46 00.02.04a.tif ",42.0939,30.98,32,35,10.9276,2.5954,52.313,42.031,1.885,5.155,0.0017868125,1001.83295,0.00049868125,0.066079375,6.85510625,"RMS_46","Fresh","02","04","Sequential","46","Type_4"
"23","RMS_46 00.02.05a.tif ",47.1748,31.5035,35,42,8.1764,2.1287,56.539,47.016,1.701,4.032,0.0016874375,1208.4221625,0.00039556875,0.06026,6.85931875,"RMS_46","Fresh","02","05","Sequential","46","Type_4"
"24","RMS_46 00.02.06a.tif ",58.496,35.8843,44,51,3.3109,1.3384,68.602,58.541,1.5,2.834,0.0011103125,1755.51995625,0.000249125,0.04876125,7.20240625,"RMS_46","Fresh","02","06","Sequential","46","Type_4"
"25","RMS_46 01.01.01a.tif ",49.9159,32.1851,37,45,6.0141,1.7713,59.537,49.946,1.585,3.415,0.0010996875,1340.372775,0.00034236875,0.05317,7.25539375,"RMS_46","Ten.Minutes","01","01","Sequential","46","Type_4"
"26","RMS_46 01.01.02a.tif ",53.3108,34.0375,40,46,4.8809,1.6339,63.329,53.332,1.566,3.201,0.0013190625,1506.26613125,0.00030345,0.05347,7.07310625,"RMS_46","Ten.Minutes","01","02","Sequential","46","Type_4"
"27","RMS_46 01.01.03a.tif ",60.3148,36.9175,46,55,2.9308,1.2651,70.548,60.148,1.498,2.777,0.00083675,1817.90635625,0.00024610625,0.045241875,7.46985625,"RMS_46","Ten.Minutes","01","03","Sequential","46","Type_4"
"28","RMS_46 01.02.04a.tif ",47.1503,32.0934,35,41,7.6303,2.0614,57.084,47.108,1.697,3.97,0.001297875,1254.3071125,0.00038071875,0.05656125,7.113875,"RMS_46","Ten.Minutes","02","04","Sequential","46","Type_4"
"29","RMS_46 01.02.05a.tif ",48.7514,31.5858,39,42,7.6557,2.0115,57.917,48.58,1.65,3.758,0.00155725,1276.49345,0.0003627375,0.057550625,6.91538125,"RMS_46","Ten.Minutes","02","05","Sequential","46","Type_4"
"30","RMS_46 01.02.06a.tif ",63.8113,38.7263,46,56,2.2011,1.1591,74.579,63.955,1.475,2.633,0.00096285625,2074.25686875,0.00020747875,0.04524,7.3295125,"RMS_46","Ten.Minutes","02","06","Sequential","46","Type_4"
"31","RMS_46 02.01.01a.tif ",52.7631,32.5326,43,46,5.2254,1.5874,61.988,52.734,1.539,3.085,0.0010216625,1393.99636875,0.00032455,0.050604375,7.2901125,"RMS_46","One.Hour","01","01","Sequential","46","Type_4"
"32","RMS_46 02.01.01b.tif ",52.063,32.7002,43,46,5.9212,1.7593,61.306,52.07,1.584,3.348,0.001648,1415.8644375,0.00031793125,0.05732125,6.85254375,"RMS_46","One.Hour","01","01","Screened","46","Type_4"
"33","RMS_46 02.01.02a.tif ",53.4974,33.6063,41,48,5.0767,1.635,63.17,53.531,1.561,3.189,0.0014036875,1459.22204375,0.0003151375,0.05474625,7.00543125,"RMS_46","One.Hour","01","02","Sequential","46","Type_4"
"34","RMS_46 02.01.02b.tif ",52.0121,33.3782,41,45,5.7983,1.7649,61.777,52.038,1.612,3.399,0.001532,1390.44374375,0.0003388375,0.056684375,6.92523125,"RMS_46","One.Hour","01","02","Screened","46","Type_4"
"35","RMS_46 02.01.03a.tif ",62.5522,37.4959,47,56,2.4095,1.1453,72.966,62.53,1.456,2.602,0.0007977,1855.16685,0.00024381875,0.044633125,7.499975,"RMS_46","One.Hour","01","03","Sequential","46","Type_4"
"36","RMS_46 02.01.03b.tif ",56.0441,36.119,41,49,3.9134,1.5295,66.627,56.149,1.572,3.13,0.001559375,1573.412875,0.0003054625,0.056709375,6.92495,"RMS_46","One.Hour","01","03","Screened","46","Type_4"
"37","RMS_46 02.01.04b.tif ",54.7794,35.6548,39,46,4.2456,1.589,65.181,54.787,1.593,3.264,0.0014585625,1522.61054375,0.00031669375,0.055825,6.99605625,"RMS_46","One.Hour","01","04","Screened","46","Type_4"
"38","RMS_46 02.02.04a.tif ",48.6951,32.1162,37,44,7.3441,1.9893,58.169,48.764,1.67,3.808,0.001413,1269.445925,0.00037425625,0.057173125,7.0104625,"RMS_46","One.Hour","02","04","Sequential","46","Type_4"
"39","RMS_46 02.02.05a.tif ",48.3458,31.082,36,43,7.6606,1.9812,57.457,48.209,1.638,3.66,0.0016155,1220.3527125,0.0003832125,0.058716875,6.87188125,"RMS_46","One.Hour","02","05","Sequential","46","Type_4"
"40","RMS_46 02.02.05b.tif ",59.9296,35.973,45,55,2.7983,1.213,69.78,59.939,1.482,2.671,0.00107590625,1780.823725,0.00024322,0.04802875,7.21208125,"RMS_46","One.Hour","02","05","Screened","46","Type_4"
"41","RMS_46 02.02.06a.tif ",63.6812,37.4832,51,59,2.3528,1.1453,73.955,63.64,1.44,2.545,0.0011014375,1927.00564375,0.000225618125,0.048050625,7.19369375,"RMS_46","One.Hour","02","06","Sequential","46","Type_4"
"42","RMS_46 02.02.06b.tif ",71.9029,43.0257,54,65,1.2639,0.9848,83.736,72.005,1.432,2.462,0.00090851875,2415.50180625,0.0001889975,0.04402,7.3741125,"RMS_46","One.Hour","02","06","Screened","46","Type_4"
"43","RMS_46 02.02.07b.tif ",72.6882,42.162,59,68,1.35,0.9649,84.045,72.617,1.416,2.363,0.001103125,2426.39490625,0.0001802525,0.0463675,7.1758125,"RMS_46","One.Hour","02","07","Screened","46","Type_4"
"44","RMS_46 02.02.08b.tif ",73.8658,41.6066,59,68,1.2306,0.8869,84.796,73.793,1.39,2.264,0.001085625,2358.38406875,0.000186046875,0.0463675,7.17391875,"RMS_46","One.Hour","02","08","Screened","46","Type_4"
"45","RMS_46 03.01.01a.tif ",56.2875,34.5638,43,52,4.0058,1.4243,66.051,56.228,1.518,2.929,0.00086171875,1567.90144375,0.0002896125,0.047568125,7.4515375,"RMS_46","Five.Hours","01","01","Sequential","46","Type_4"
"46","RMS_46 03.01.01b.tif ",55.8962,35.9399,43,50,4.0991,1.5511,66.524,55.913,1.56,3.117,0.001194625,1639.05243125,0.00028445,0.05201875,7.17559375,"RMS_46","Five.Hours","01","01","Screened","46","Type_4"
"47","RMS_46 03.01.02a.tif ",56.0322,36.6073,41,51,3.8933,1.5302,66.922,56.34,1.582,3.178,0.001055775,1659.00389375,0.0002854625,0.050216875,7.30104375,"RMS_46","Five.Hours","01","02","Sequential","46","Type_4"
"48","RMS_46 03.01.02b.tif ",51.6665,34.19,39,45,5.7205,1.795,61.778,51.501,1.641,3.584,0.0013373125,1393.4983,0.00034665625,0.055435625,7.0689125,"RMS_46","Five.Hours","01","02","Screened","46","Type_4"
"49","RMS_46 03.01.03a.tif ",70.4221,43.8231,53,63,1.0672,0.9379,82.783,70.134,1.464,2.519,0.00042355,2281.43800625,0.000212315,0.03810875,8.1139375,"RMS_46","Five.Hours","01","03","Sequential","46","Type_4"
"50","RMS_46 03.01.03b.tif ",58.0241,37.1093,44,51,3.3934,1.4349,68.898,57.922,1.541,3.009,0.0013365625,1693.8070125,0.0002807875,0.053410625,7.0598,"RMS_46","Five.Hours","01","03","Screened","46","Type_4"
"51","RMS_46 03.01.04b.tif ",55.5856,36.415,41,48,3.9498,1.5518,66.411,55.632,1.585,3.219,0.0012794375,1600.89224375,0.00029979375,0.053605,7.1227375,"RMS_46","Five.Hours","01","04","Screened","46","Type_4"
"52","RMS_46 03.02.04a.tif ",52.6216,34.2519,38,48,5.1466,1.7008,62.622,52.639,1.609,3.406,0.0012518125,1460.8958625,0.00032305,0.05376625,7.1303875,"RMS_46","Five.Hours","02","04","Sequential","46","Type_4"
"53","RMS_46 03.02.05a.tif ",49.1451,31.606,40,43,7.1391,1.9297,58.548,49.147,1.61,3.552,0.0015978125,1279.76460625,0.000361775,0.058070625,6.88424375,"RMS_46","Five.Hours","02","05","Sequential","46","Type_4"
"54","RMS_46 03.02.05b.tif ",56.6419,35.3937,39,51,3.7205,1.4191,66.739,56.644,1.534,2.966,0.00090443125,1588.76266875,0.0002937125,0.047726875,7.40953125,"RMS_46","Five.Hours","02","05","Screened","46","Type_4"
"55","RMS_46 03.02.06a.tif ",64.3459,39.091,47,57,2.229,1.1638,75.27,64.527,1.473,2.633,0.00078010625,2008.6347,0.000225795625,0.0433925,7.5395625,"RMS_46","Five.Hours","02","06","Sequential","46","Type_4"
"56","RMS_46 03.02.06b.tif ",68.4927,42.1957,50,61,1.5275,1.0613,80.31,68.448,1.462,2.58,0.00084996875,2270.74159375,0.000204625625,0.043873125,7.4507875,"RMS_46","Five.Hours","02","06","Screened","46","Type_4"
"57","RMS_46 03.02.07b.tif ",68.4871,41.5217,50,61,1.6207,1.0706,80.022,68.555,1.45,2.561,0.00100954375,2228.5205375,0.000206399375,0.046215,7.28445,"RMS_46","Five.Hours","02","07","Screened","46","Type_4"
"58","RMS_46 03.02.08b.tif ",71.6802,40.9917,57,65,1.4078,0.9308,82.533,71.793,1.399,2.35,0.00094065,2268.2571125,0.000195240625,0.0445425,7.3192125,"RMS_46","Five.Hours","02","08","Screened","46","Type_4"
"59","RMS_46 04.01.01a.tif ",56.367,34.6518,44,50,3.9282,1.4076,66.127,56.338,1.519,2.917,0.00090140625,1571.52586875,0.00028965,0.04755125,7.40856875,"RMS_46","Ten.Hours","01","01","Sequential","46","Type_4"
"60","RMS_46 04.01.01b.tif ",61.8293,38.9452,45,55,2.7454,1.3208,72.897,61.859,1.531,2.864,0.00103901875,1946.43323125,0.000237578125,0.04839,7.2971375,"RMS_46","Ten.Hours","01","01","Screened","46","Type_4"
"61","RMS_46 04.01.02a.tif ",59.0019,38.2719,42,52,3.2602,1.4423,70.143,58.858,1.567,3.088,0.0009998375,1825.71066875,0.00025831875,0.04837625,7.3532125,"RMS_46","Ten.Hours","01","02","Sequential","46","Type_4"
"62","RMS_46 04.01.02b.tif ",50.335,33.4567,39,43,5.9258,1.8293,60.445,50.213,1.646,3.592,0.0014538125,1368.20090625,0.00034864375,0.0568575,6.99870625,"RMS_46","Ten.Hours","01","02","Screened","46","Type_4"
"63","RMS_46 04.01.03a.tif ",74.0402,45.1174,58,69,0.7457,0.8268,86.55,73.75,1.435,2.395,0.00037916875,2425.0024,0.0001995225,0.036495625,8.19775,"RMS_46","Ten.Hours","01","03","Sequential","46","Type_4"
"64","RMS_46 04.01.03b.tif ",64.188,38.9895,48,56,2.2431,1.1771,75.095,64.289,1.475,2.634,0.0011220625,1890.77146875,0.00024998125,0.049914375,7.19544375,"RMS_46","Ten.Hours","01","03","Screened","46","Type_4"
"65","RMS_46 04.01.04b.tif ",62.8682,38.6867,46,57,2.5518,1.2458,73.673,62.84,1.491,2.75,0.0010692375,1882.23370625,0.00024923125,0.049086875,7.25178125,"RMS_46","Ten.Hours","01","04","Screened","46","Type_4"
"66","RMS_46 04.02.04a.tif ",53.7296,34.5539,38,48,4.9076,1.6528,63.711,53.743,1.592,3.313,0.0011978125,1523.01819375,0.0003048375,0.052486875,7.167425,"RMS_46","Ten.Hours","02","04","Sequential","46","Type_4"
"67","RMS_46 04.02.05a.tif ",49.7937,32.3053,39,46,6.6823,1.8763,59.267,49.701,1.627,3.592,0.0012835,1279.10995,0.00037245625,0.05500625,7.0959875,"RMS_46","Ten.Hours","02","05","Sequential","46","Type_4"
"68","RMS_46 04.02.05b.tif ",58.8823,36.6054,46,52,3.2953,1.3483,69.241,58.826,1.514,2.876,0.00086691875,1694.42335,0.00027596875,0.04659625,7.444325,"RMS_46","Ten.Hours","02","05","Screened","46","Type_4"
"69","RMS_46 04.02.06a.tif ",65.6777,39.1757,53,60,2.2012,1.1381,76.587,65.67,1.444,2.544,0.00083679375,2057.7768375,0.00021639375,0.04366375,7.4621125,"RMS_46","Ten.Hours","02","06","Sequential","46","Type_4"
"70","RMS_46 04.02.06b.tif ",65.78,40.6021,47,57,2.0421,1.1687,77.252,65.679,1.485,2.669,0.00085149375,2090.77100625,0.00022312875,0.044529375,7.46665625,"RMS_46","Ten.Hours","02","06","Screened","46","Type_4"
"71","RMS_46 04.02.07b.tif ",68.0246,40.9984,49,60,1.812,1.1085,79.437,68.081,1.456,2.537,0.00100795,2214.0941,0.000204463125,0.045993125,7.29329375,"RMS_46","Ten.Hours","02","07","Screened","46","Type_4"
"72","RMS_46 04.02.08b.tif ",71.2308,40.6068,57,64,1.5843,0.9642,82.008,71.249,1.406,2.33,0.00093826875,2203.70913125,0.000202960625,0.04489875,7.32649375,"RMS_46","Ten.Hours","02","08","Screened","46","Type_4"
"73","RMS_46 Neocortex 01c.tif ",83.5744,44.8182,77,80,0.2475,0.5065,94.659,83.533,1.331,1.999,0.00038745625,2525.825775,0.00018626375,0.03528125,8.12896875,"RMS_46","Neocortex","01","1","Screened","46","Type_4"
"74","RMS_47 00.01.01a.tif ",53.8035,33.655,40,47,4.964,1.5898,63.6,53.642,1.535,3.123,0.001309375,1405.249725,0.00033670625,0.05404125,7.041225,"RMS_47","Fresh","01","01","Sequential","47","Type_4"
"75","RMS_47 00.01.02a.tif ",46.3561,37.3448,29,38,6.242,2.1472,59.367,46.39,1.917,4.897,0.0017246875,1408.4875375,0.000355175,0.063070625,6.9729625,"RMS_47","Fresh","01","02","Sequential","47","Type_4"
"76","RMS_47 00.01.03a.tif ",54.3621,35.2673,37,48,3.7892,1.4212,64.77,54.386,1.544,3.103,0.0008281,1572.079625,0.000297375,0.0474975,7.47903125,"RMS_47","Fresh","01","03","Sequential","47","Type_4"
"77","RMS_47 00.02.04a.tif ",48.5297,33.357,35,42,6.6759,1.9876,58.834,48.613,1.7,3.925,0.0018371875,1290.22001875,0.0003785375,0.062960625,6.7947,"RMS_47","Fresh","02","04","Sequential","47","Type_4"
"78","RMS_47 00.02.05a.tif ",50.6021,34.3425,36,43,5.1121,1.7237,61.145,50.469,1.645,3.531,0.001383625,1420.5313375,0.000338425,0.05673875,7.0497875,"RMS_47","Fresh","02","05","Sequential","47","Type_4"
"79","RMS_47 00.02.06a.tif ",65.1376,39.5531,50,57,2.1752,1.1766,76.151,65.195,1.465,2.651,0.00112825,2111.27165,0.00020955,0.047640625,7.1858875,"RMS_47","Fresh","02","06","Sequential","47","Type_4"
"80","RMS_47 01.01.01a.tif ",54.1475,33.8311,42,49,4.6239,1.5395,63.667,53.968,1.55,3.117,0.001188875,1441.50600625,0.0003250125,0.051895625,7.1393875,"RMS_47","Ten.Minutes","01","01","Sequential","47","Type_4"
"81","RMS_47 01.01.02a.tif ",51.4288,38.5533,33,43,5.0495,1.9125,64.297,51.295,1.776,4.108,0.001432,1607.0060625,0.0003094375,0.05762875,7.10715,"RMS_47","Ten.Minutes","01","02","Sequential","47","Type_4"
"82","RMS_47 01.01.03a.tif ",57.4601,37.1167,38,49,2.8346,1.2783,68.391,57.442,1.529,2.911,0.00067848125,1795.914125,0.00025420625,0.043959375,7.67156875,"RMS_47","Ten.Minutes","01","03","Sequential","47","Type_4"
"83","RMS_47 01.02.04a.tif ",52.3084,34.1352,38,45,5.3973,1.7364,62.391,52.345,1.625,3.421,0.001484375,1455.09523125,0.00032345,0.056475625,6.961375,"RMS_47","Ten.Minutes","02","04","Sequential","47","Type_4"
"84","RMS_47 01.02.05a.tif ",51.0025,34.7948,33,43,4.7473,1.6821,61.585,50.923,1.643,3.54,0.001153875,1499.46936875,0.00031568125,0.05309625,7.2316375,"RMS_47","Ten.Minutes","02","05","Sequential","47","Type_4"
"85","RMS_47 01.02.06a.tif ",60.9312,38.0194,46,53,2.768,1.2961,71.718,61.036,1.511,2.817,0.0010682125,1944.5651375,0.000228125,0.04771,7.2515125,"RMS_47","Ten.Minutes","02","06","Sequential","47","Type_4"
"86","RMS_47 02.01.01a.tif ",53.2425,33.2475,41,48,5.3779,1.6382,62.649,53.256,1.563,3.22,0.0012095625,1370.5499875,0.00034535625,0.05252,7.1164625,"RMS_47","One.Hour","01","01","Sequential","47","Type_4"
"87","RMS_47 02.01.01b.tif ",51.3131,33.134,38,45,5.8262,1.7615,61.068,51.35,1.615,3.416,0.0015438125,1380.8126625,0.0003395,0.05703,6.91305,"RMS_47","One.Hour","01","01","Screened","47","Type_4"
"88","RMS_47 02.01.02a.tif ",49.3083,36.5396,35,41,5.8022,2.0104,61.227,49.335,1.792,4.266,0.00151125,1461.99931875,0.000339275,0.058735,7.0515375,"RMS_47","One.Hour","01","02","Sequential","47","Type_4"
"89","RMS_47 02.01.02b.tif ",68.1875,38.7339,57,61,1.8644,0.9996,78.283,68.395,1.416,2.39,0.0011691875,2203.05850625,0.000179585625,0.04666375,7.10030625,"RMS_47","One.Hour","01","02","Screened","47","Type_4"
"90","RMS_47 02.01.03a.tif ",55.4084,34.9937,38,49,3.5135,1.3406,65.52,55.401,1.525,2.935,0.0007505125,1583.04551875,0.000290475,0.046035625,7.5626625,"RMS_47","One.Hour","01","03","Sequential","47","Type_4"
"91","RMS_47 02.01.03b.tif ",56.3574,35.5797,43,52,4.3416,1.5678,66.487,56.326,1.566,3.127,0.0020799375,1533.28313125,0.0003127875,0.062135,6.6216125,"RMS_47","One.Hour","01","03","Screened","47","Type_4"
"92","RMS_47 02.01.04b.tif ",60.595,39.2278,40,52,2.8857,1.3933,72.373,60.706,1.534,2.951,0.0014355,1985.50798125,0.00023158125,0.053099375,6.99715,"RMS_47","One.Hour","01","04","Screened","47","Type_4"
"93","RMS_47 02.02.015b.tif ",63.9115,39.596,46,57,2.2361,1.1908,75.281,63.896,1.475,2.667,0.00085546875,2043.88183125,0.000223475625,0.04433875,7.4519375,"RMS_47","One.Hour","02","01","Screened","47","Type_4"
"94","RMS_47 02.02.04a.tif ",55.4352,34.4718,43,51,4.6569,1.5517,65.334,55.401,1.529,3.062,0.0014203125,1544.41243125,0.000296375,0.054380625,6.96665625,"RMS_47","One.Hour","02","04","Sequential","47","Type_4"
"95","RMS_47 02.02.05a.tif ",52.6854,34.9475,38,45,4.4547,1.6042,63.02,52.709,1.612,3.372,0.0011920625,1539.97991875,0.000303875,0.052974375,7.17848125,"RMS_47","One.Hour","02","05","Sequential","47","Type_4"
"96","RMS_47 02.02.05b.tif ",68.8478,38.3473,60,65,2.3147,1.0742,78.593,68.729,1.412,2.406,0.001848625,1981.67814375,0.000223955625,0.056421875,6.6655,"RMS_47","One.Hour","02","05","Screened","47","Type_4"
"97","RMS_47 02.02.06a.tif ",63.9115,39.596,46,57,2.2361,1.1908,75.281,63.896,1.475,2.667,0.00085546875,2043.88183125,0.000223475625,0.04433875,7.4519375,"RMS_47","One.Hour","02","06","Sequential","47","Type_4"
"98","RMS_47 02.02.06b.tif ",66.6958,38.6853,51,61,2.2266,1.1008,77.303,66.576,1.428,2.464,0.0016589375,1980.043,0.000227995,0.0550325,6.77721875,"RMS_47","One.Hour","02","06","Screened","47","Type_4"
"99","RMS_47 02.02.07b.tif ",62.9949,40.4582,47,55,2.6189,1.3444,74.453,62.354,1.565,2.966,0.001315375,2031.626575,0.0002327375,0.051280625,7.08131875,"RMS_47","One.Hour","02","07","Screened","47","Type_4"
"100","RMS_47 02.02.08b.tif ",70.1254,40.2275,55,63,1.5333,0.951,80.413,69.452,1.435,2.396,0.0010234625,2304.64181875,0.00018002125,0.0443325,7.22958125,"RMS_47","One.Hour","02","08","Screened","47","Type_4"
"101","RMS_47 02.02.09b.tif ",59.8405,35.6478,47,56,3.8291,1.3876,69.875,59.965,1.476,2.75,0.001764375,1709.51506875,0.00025971875,0.056890625,6.74120625,"RMS_47","One.Hour","02","09","Screened","47","Type_4"
"102","RMS_47 02.02.10b.tif ",65.2075,38.0608,51,59,2.3931,1.1393,75.528,65.168,1.441,2.52,0.001376625,2044.2824125,0.000205363125,0.049943125,6.96056875,"RMS_47","One.Hour","02","10","Screened","47","Type_4"
"103","RMS_47 02.02.11b.tif ",60.6458,36.0199,48,56,3.1887,1.2739,70.531,60.759,1.474,2.678,0.0012504375,1730.7096875,0.00025861875,0.050564375,7.063275,"RMS_47","One.Hour","02","11","Screened","47","Type_4"
"104","RMS_47 02.02.12b.tif ",62.778,38.1498,47,58,2.6026,1.2269,73.419,62.706,1.48,2.69,0.001075325,1924.98515,0.000234113125,0.047749375,7.22149375,"RMS_47","One.Hour","02","12","Screened","47","Type_4"
"105","RMS_47 02.02.13b.tif ",68.8915,40.5968,52,63,1.7992,1.063,79.967,68.969,1.438,2.475,0.000957475,2183.12215625,0.00020648125,0.04490875,7.3237625,"RMS_47","One.Hour","02","13","Screened","47","Type_4"
"106","RMS_47 02.02.14b.tif ",63.8249,39.3357,49,57,2.4965,1.2544,74.982,63.886,1.492,2.714,0.001155875,1990.3411875,0.00023203625,0.049348125,7.176075,"RMS_47","One.Hour","02","14","Screened","47","Type_4"
"107","RMS_47 03.01.01a.tif ",53.4425,32.8038,43,49,5.3696,1.6061,62.738,53.323,1.543,3.101,0.0012824375,1342.67676875,0.00035129375,0.05362875,7.0552875,"RMS_47","Five.Hours","01","01","Sequential","47","Type_4"
"108","RMS_47 03.01.01b.tif ",51.6535,32.7798,40,47,5.6242,1.6996,61.337,51.634,1.557,3.266,0.00165675,1362.39895,0.00034223125,0.05844125,6.8331,"RMS_47","Five.Hours","01","01","Screened","47","Type_4"
"109","RMS_47 03.01.02a.tif ",49.5807,36.0038,34,40,5.9925,2.0086,61.416,49.42,1.742,4.111,0.001656625,1438.22215,0.00034385,0.06022125,6.94516875,"RMS_47","Five.Hours","01","02","Sequential","47","Type_4"
"110","RMS_47 03.01.02b.tif ",62.949,36.5547,52,56,2.8391,1.1952,73.071,63.062,1.423,2.519,0.0013495,1885.45876875,0.0002226925,0.050386875,6.97691875,"RMS_47","Five.Hours","01","02","Screened","47","Type_4"
"111","RMS_47 03.01.03a.tif ",53.4831,34.2796,37,47,4.0979,1.4355,63.315,53.271,1.561,3.111,0.00074139375,1498.8754875,0.0003098625,0.046878125,7.5823,"RMS_47","Five.Hours","01","03","Sequential","47","Type_4"
"112","RMS_47 03.01.03b.tif ",55.8634,35.0942,44,49,4.5262,1.5753,65.816,55.799,1.549,3.122,0.0022030625,1487.98403125,0.00032280625,0.06378125,6.561175,"RMS_47","Five.Hours","01","03","Screened","47","Type_4"
"113","RMS_47 03.01.04b.tif ",59.8635,38.802,41,54,2.9058,1.3799,71.226,59.892,1.556,3.003,0.00154075,1964.99671875,0.000231900625,0.054291875,6.91798125,"RMS_47","Five.Hours","01","04","Screened","47","Type_4"
"114","RMS_47 03.02.04a.tif ",57.6023,35.1914,47,51,4.0111,1.441,67.4,57.317,1.514,2.927,0.0015414375,1612.4305125,0.00028364375,0.055566875,6.8835625,"RMS_47","Five.Hours","02","04","Sequential","47","Type_4"
"115","RMS_47 03.02.05a.tif ",53.8721,34.8984,40,46,4.2964,1.5552,64.26,53.884,1.563,3.154,0.0012458125,1556.38104375,0.0002979,0.05321875,7.12345625,"RMS_47","Five.Hours","02","05","Sequential","47","Type_4"
"116","RMS_47 03.02.05b.tif ",67.0907,38.6493,56,61,2.3794,1.1347,77.657,66.958,1.426,2.464,0.00169275,1972.10304375,0.000229391875,0.055395,6.7678125,"RMS_47","Five.Hours","02","05","Screened","47","Type_4"
"117","RMS_47 03.02.06a.tif ",65.5435,41.7776,43,59,1.7431,1.1367,77.469,65.375,1.512,2.745,0.00068295625,2179.76604375,0.000216258125,0.041850625,7.681425,"RMS_47","Five.Hours","02","06","Sequential","47","Type_4"
"118","RMS_47 03.02.06b.tif ",68.77,39.661,55,65,1.9407,1.0488,79.193,68.653,1.428,2.456,0.0017535,2068.983075,0.000219378125,0.056044375,6.7174625,"RMS_47","Five.Hours","02","06","Screened","47","Type_4"
"119","RMS_47 03.02.07b.tif ",61.8216,40.4457,43,53,2.3692,1.3015,73.681,61.81,1.542,2.945,0.00106558125,2028.56445,0.00023327125,0.04899,7.284425,"RMS_47","Five.Hours","02","07","Screened","47","Type_4"
"120","RMS_47 03.02.08b.tif ",65.1855,39.3342,50,61,2.2101,1.154,75.988,65.15,1.463,2.625,0.000967025,2025.0185125,0.00022495,0.045825,7.3206625,"RMS_47","Five.Hours","02","08","Screened","47","Type_4"
"121","RMS_47 03.02.09b.tif ",60.6034,35.7516,50,54,3.5214,1.3237,70.275,60.471,1.472,2.723,0.0019085,1682.810075,0.0002693875,0.058730625,6.65663125,"RMS_47","Five.Hours","02","09","Screened","47","Type_4"
"122","RMS_47 03.02.10b.tif ",65.0176,38.1363,51,60,2.3094,1.1206,75.59,65.123,1.429,2.49,0.0014198125,2003.94746875,0.00021588625,0.050793125,6.926475,"RMS_47","Five.Hours","02","10","Screened","47","Type_4"
"123","RMS_47 03.02.11b.tif ",64.3818,39.1938,50,57,2.4225,1.2045,75.309,64.438,1.47,2.691,0.00114725,1990.6657375,0.000230665,0.04851125,7.15810625,"RMS_47","Five.Hours","02","11","Screened","47","Type_4"
"124","RMS_47 03.02.12b.tif ",63.1867,38.8738,48,55,2.5387,1.2403,74.025,63.204,1.503,2.74,0.0009743125,1998.10886875,0.0002255925,0.046233125,7.329475,"RMS_47","Five.Hours","02","12","Screened","47","Type_4"
"125","RMS_47 03.02.13b.tif ",66.8588,40.7355,47,61,1.8091,1.0991,78.217,66.777,1.469,2.587,0.00081491875,2134.67578125,0.00021635625,0.043811875,7.4933125,"RMS_47","Five.Hours","02","13","Screened","47","Type_4"
"126","RMS_47 03.02.14b.tif ",74.8494,46.0394,51,68,0.6996,0.8643,87.636,74.782,1.444,2.427,0.00060950625,2590.73208125,0.0001843875,0.039985,7.74110625,"RMS_47","Five.Hours","02","14","Screened","47","Type_4"
"127","RMS_47 03.02.15b.tif ",65.5435,41.7776,43,59,1.7431,1.1367,77.469,65.375,1.512,2.745,0.00068295625,2179.76604375,0.000216258125,0.041850625,7.681425,"RMS_47","Five.Hours","02","15","Screened","47","Type_4"
"128","RMS_47 04.01.01a.tif ",57.7656,35.3466,46,52,3.6597,1.3617,67.624,57.694,1.506,2.87,0.00090083125,1586.58573125,0.000293825,0.047163125,7.3879375,"RMS_47","Ten.Hours","01","01","Sequential","47","Type_4"
"129","RMS_47 04.01.01b.tif ",52.5327,33.8612,41,48,5.1498,1.6626,62.512,52.582,1.586,3.31,0.0014029375,1444.83585625,0.000323875,0.055431875,6.9994375,"RMS_47","Ten.Hours","01","01","Screened","47","Type_4"
"130","RMS_47 04.01.02a.tif ",51.0966,36.6653,36,43,5.2554,1.8814,62.968,51.081,1.716,3.882,0.0014595,1557.34955,0.0003136,0.056811875,7.0546875,"RMS_47","Ten.Hours","01","02","Sequential","47","Type_4"
"131","RMS_47 04.01.02b.tif ",68.1907,39.8505,53,64,1.765,1.0136,78.98,68.22,1.427,2.418,0.00096818125,2249.9753,0.00018544,0.044638125,7.28780625,"RMS_47","Ten.Hours","01","02","Screened","47","Type_4"
"132","RMS_47 04.01.03a.tif ",56.3664,36.4522,37,48,3.1033,1.3354,66.976,56.357,1.548,2.999,0.00069481875,1701.21454375,0.0002722,0.0449925,7.66405,"RMS_47","Ten.Hours","01","03","Sequential","47","Type_4"
"133","RMS_47 04.01.03b.tif ",55.2503,35.6191,41,50,4.3946,1.5983,65.574,55.388,1.592,3.249,0.0019364375,1504.24185625,0.0003220875,0.061864375,6.70188125,"RMS_47","Ten.Hours","01","03","Screened","47","Type_4"
"134","RMS_47 04.01.04b.tif ",61.8435,40.4677,40,52,2.5533,1.3491,74.08,61.963,1.537,2.937,0.001355375,2114.6567,0.000217509375,0.05209,7.05478125,"RMS_47","Ten.Hours","01","04","Screened","47","Type_4"
"135","RMS_47 04.02.04a.tif ",57.9819,36.053,43,53,3.6199,1.4027,68.08,57.982,1.525,2.95,0.0012338125,1695.93815625,0.00026904375,0.051641875,7.10273125,"RMS_47","Ten.Hours","02","04","Sequential","47","Type_4"
"136","RMS_47 04.02.05a.tif ",55.6731,36.6563,39,48,3.5273,1.4698,66.63,55.705,1.579,3.148,0.00091941875,1733.82945625,0.000265425,0.048120625,7.4239625,"RMS_47","Ten.Hours","02","05","Sequential","47","Type_4"
"137","RMS_47 04.02.05b.tif ",69.1708,40.1823,60,64,1.7417,1.013,80.269,69.291,1.403,2.381,0.0011164375,2053.41823125,0.00022707,0.048804375,7.156975,"RMS_47","Ten.Hours","02","05","Screened","47","Type_4"
"138","RMS_47 04.02.06a.tif ",71.4652,44.6503,49,64,1.1127,0.9835,84.158,71.444,1.467,2.547,0.00050516875,2459.99203125,0.00019309125,0.037923125,7.954225,"RMS_47","Ten.Hours","02","06","Sequential","47","Type_4"
"139","RMS_47 04.02.06b.tif ",68.3781,40.3936,54,62,1.6981,1.0107,79.277,68.322,1.44,2.47,0.0011726875,2108.12989375,0.00021849,0.049105,7.10305625,"RMS_47","Ten.Hours","02","06","Screened","47","Type_4"
"140","RMS_47 04.02.07b.tif ",63.3114,42.1498,41,54,1.9549,1.2381,75.786,63.305,1.561,2.932,0.00079904375,2172.35835625,0.000219636875,0.04531875,7.5704375,"RMS_47","Ten.Hours","02","07","Screened","47","Type_4"
"141","RMS_47 04.02.08b.tif ",68.554,42.1899,49,62,1.6234,1.0723,80.634,68.471,1.452,2.562,0.0007108375,2323.29845625,0.00019644,0.04103,7.61794375,"RMS_47","Ten.Hours","02","08","Screened","47","Type_4"
"142","RMS_47 04.02.09b.tif ",63.6906,37.5184,50,57,2.5838,1.1637,73.878,63.757,1.444,2.591,0.0012009375,1865.93774375,0.0002414175,0.05011125,7.098525,"RMS_47","Ten.Hours","02","09","Screened","47","Type_4"
"143","RMS_47 04.02.10b.tif ",68.7662,40.038,54,61,1.7692,1.0262,79.533,68.856,1.42,2.452,0.00100916875,2218.09241875,0.00019407125,0.045171875,7.25899375,"RMS_47","Ten.Hours","02","10","Screened","47","Type_4"
"144","RMS_47 04.02.11b.tif ",66.7724,40.5977,47,61,2.0151,1.1369,78.066,66.691,1.473,2.616,0.0008201625,2121.443925,0.0002175925,0.043575625,7.4855,"RMS_47","Ten.Hours","02","11","Screened","47","Type_4"
"145","RMS_47 04.02.12b.tif ",64.9798,40.2637,47,59,2.1448,1.1841,76.514,64.942,1.48,2.683,0.00073414375,2131.62188125,0.0002127575,0.042201875,7.60746875,"RMS_47","Ten.Hours","02","12","Screened","47","Type_4"
"146","RMS_47 04.02.13b.tif ",70.5706,42.7135,52,65,1.3351,0.9923,82.231,70.385,1.459,2.514,0.000596275,2360.84995,0.00019477,0.039089375,7.78356875,"RMS_47","Ten.Hours","02","13","Screened","47","Type_4"
"147","RMS_47 04.02.14b.tif ",75.7847,46.0134,53,68,0.6534,0.825,88.511,75.734,1.427,2.372,0.00044545625,2724.01293125,0.0001696175,0.035509375,8.03966875,"RMS_47","Ten.Hours","02","14","Screened","47","Type_4"
"148","RMS_47 04.02.15b.tif ",71.4652,44.6503,49,64,1.1127,0.9835,84.158,71.444,1.467,2.547,0.00050516875,2459.99203125,0.00019309125,0.037923125,7.954225,"RMS_47","Ten.Hours","02","15","Screened","47","Type_4"
"149","RMS_48 Neocortex 01c.tif ",87.6029,48.6034,85,85,-0.1976,0.4063,99.935,87.652,1.327,1.986,0.00023115,2677.8130125,0.0001841975,0.032641875,8.608175,"RMS_48","Neocortex","01","1","Screened","48","Type_4"
"150","RMS_50 00.01.01a.tif ",44.628,30.2482,34,39,9.3681,2.2234,53.824,44.539,1.734,4.255,0.001372875,1099.4934875,0.00043755,0.06005625,7.04994375,"RMS_50","Fresh","01","01","Sequential","50","Type_4"
"151","RMS_50 00.01.02a.tif ",55.3201,33.6292,43,50,4.849,1.532,64.579,55.324,1.526,3.032,0.001398625,1517.52120625,0.0002929875,0.053718125,6.9693625,"RMS_50","Fresh","01","02","Sequential","50","Type_4"
"152","RMS_50 00.01.03a.tif ",45.8707,31.4681,35,41,9.1506,2.2917,55.506,45.921,1.754,4.367,0.0017469375,1175.3699875,0.00041181875,0.0622325,6.830525,"RMS_50","Fresh","01","03","Sequential","50","Type_4"
"153","RMS_50 00.02.04a.tif ",42.3669,33.3036,29,34,9.7494,2.5464,53.765,42.283,1.977,5.53,0.00139825,1127.27334375,0.00044373125,0.063539375,7.12405625,"RMS_50","Fresh","02","04","Sequential","50","Type_4"
"154","RMS_50 00.02.05a.tif ",42.8774,31.7938,31,37,9.5077,2.4287,53.447,42.905,1.851,4.936,0.001579125,1098.538475,0.00045241875,0.0631125,6.9807,"RMS_50","Fresh","02","05","Sequential","50","Type_4"
"155","RMS_50 00.02.06a.tif ",41.8088,30.6737,34,37,10.6266,2.5689,51.859,41.736,1.878,5.11,0.002073,1022.22166875,0.0004859625,0.06839625,6.7236,"RMS_50","Fresh","02","06","Sequential","50","Type_4"
"156","RMS_50 01.01.01a.tif ",47.2435,31.5844,33,42,7.4754,1.9824,56.612,47.287,1.691,3.9,0.00116775,1223.34255625,0.00038895,0.05655625,7.20285,"RMS_50","Ten.Minutes","01","01","Sequential","50","Type_4"
"157","RMS_50 01.01.02a.tif ",58.2646,34.4865,48,55,3.791,1.3358,67.692,58.296,1.474,2.756,0.0011420625,1642.01760625,0.0002626125,0.049533125,7.1498625,"RMS_50","Ten.Minutes","01","02","Sequential","50","Type_4"
"158","RMS_50 01.01.03a.tif ",52.2906,32.0829,45,48,6.1866,1.7248,61.325,52.456,1.564,3.22,0.0017730625,1316.75791875,0.00035210625,0.05977125,6.74939375,"RMS_50","Ten.Minutes","01","03","Sequential","50","Type_4"
"159","RMS_50 01.02.04a.tif ",43.2778,31.899,29,37,9.495,2.3922,53.588,43.218,1.87,4.963,0.001121875,1094.4319375,0.00045485625,0.059915,7.2944375,"RMS_50","Ten.Minutes","02","04","Sequential","50","Type_4"
"160","RMS_50 01.02.05a.tif ",49.8085,33.438,37,44,6.3944,1.9182,60.18,49.659,1.643,3.701,0.001593125,1318.49505,0.0003680625,0.05946,6.9153125,"RMS_50","Ten.Minutes","02","05","Sequential","50","Type_4"
"161","RMS_50 01.02.06a.tif ",45.1061,31.9777,35,38,8.9104,2.3364,55.327,45.392,1.794,4.529,0.00183775,1143.25286875,0.0004319625,0.064261875,6.82330625,"RMS_50","Ten.Minutes","02","06","Sequential","50","Type_4"
"162","RMS_50 02.01.01a.tif ",49.2262,31.5079,38,43,6.9242,1.8447,58.5,49.191,1.604,3.491,0.001181,1256.40503125,0.000371525,0.054904375,7.16364375,"RMS_50","One.Hour","01","01","Sequential","50","Type_4"
"163","RMS_50 02.01.01b.tif ",52.1395,33.7813,36,46,5.2843,1.6812,62.149,52.026,1.599,3.341,0.001322,1398.770375,0.00034064375,0.05575375,7.06098125,"RMS_50","One.Hour","01","01","Screened","50","Type_4"
"164","RMS_50 02.01.02a.tif ",56.6542,33.9189,46,53,4.3887,1.4538,65.989,56.742,1.5,2.888,0.0013000625,1584.80576875,0.00027265,0.051689375,7.0385,"RMS_50","One.Hour","01","02","Sequential","50","Type_4"
"165","RMS_50 02.01.02b.tif ",53.7688,33.9616,40,48,4.6561,1.5433,63.623,53.635,1.549,3.126,0.0015230625,1466.3897625,0.000317425,0.057258125,6.899325,"RMS_50","One.Hour","01","02","Screened","50","Type_4"
"166","RMS_50 02.01.03a.tif ",50.7808,31.5586,40,47,6.7838,1.8128,59.996,50.759,1.55,3.316,0.001777875,1259.61134375,0.0003708625,0.06082875,6.75486875,"RMS_50","One.Hour","01","03","Sequential","50","Type_4"
"167","RMS_50 02.01.03b.tif ",49.9394,34.6403,36,42,6.1511,1.9545,60.717,49.949,1.709,3.909,0.001254625,1397.6572875,0.0003488125,0.05522375,7.182925,"RMS_50","One.Hour","01","03","Screened","50","Type_4"
"168","RMS_50 02.01.04b.tif ",63.2438,40.5371,46,55,2.2501,1.2386,75.055,63.187,1.519,2.827,0.00071824375,2141.36125,0.00021327375,0.0426025,7.64206875,"RMS_50","One.Hour","01","04","Screened","50","Type_4"
"169","RMS_50 02.01.05b.tif ",60.9385,40.6142,40,53,2.4259,1.3168,73.238,60.933,1.556,2.998,0.000817025,2019.981825,0.00023585,0.04576375,7.5429625,"RMS_50","One.Hour","01","05","Screened","50","Type_4"
"170","RMS_50 02.01.06b.tif ",66.988,42.6032,44,57,1.6157,1.123,79.29,66.898,1.501,2.698,0.0007764,2442.926875,0.0001814175,0.042653125,7.56191875,"RMS_50","One.Hour","01","06","Screened","50","Type_4"
"171","RMS_50 02.01.07b.tif ",57.4406,36.6882,39,52,3.5104,1.4229,68.234,57.337,1.542,2.994,0.00105025625,1687.659975,0.000278425,0.0500425,7.27036875,"RMS_50","One.Hour","01","07","Screened","50","Type_4"
"172","RMS_50 02.02.04a.tif ",44.1734,31.5476,33,38,9.3519,2.3326,54.28,44.16,1.795,4.612,0.0011340625,1114.0969625,0.0004432125,0.0587175,7.2628625,"RMS_50","One.Hour","02","04","Sequential","50","Type_4"
"173","RMS_50 02.02.05a.tif ",53.3629,34.143,41,48,5.3673,1.7062,63.28,53.39,1.604,3.321,0.0014326875,1460.7260875,0.0003218,0.05533625,6.9821,"RMS_50","One.Hour","02","05","Sequential","50","Type_4"
"174","RMS_50 02.02.06a.tif ",43.873,31.768,34,37,9.3693,2.4086,54.188,43.781,1.828,4.763,0.00183275,1123.50349375,0.00043996875,0.064666875,6.834825,"RMS_50","One.Hour","02","06","Sequential","50","Type_4"
"175","RMS_50 02.02.08b.tif ",63.3903,39.3267,49,57,2.4139,1.238,74.577,63.457,1.494,2.723,0.0011645625,1919.04461875,0.0002467375,0.05028875,7.1655,"RMS_50","One.Hour","02","08","Screened","50","Type_4"
"176","RMS_50 02.02.09b.tif ",70.4484,41.4675,53,62,1.4774,0.997,81.676,70.479,1.424,2.429,0.0012901875,2305.31240625,0.000193245,0.0496075,7.0260625,"RMS_50","One.Hour","02","09","Screened","50","Type_4"
"177","RMS_50 02.02.10b.tif ",45.9296,33.6247,30,38,6.6879,2.0515,57.012,45.965,1.769,4.267,0.001058025,1277.69404375,0.00038525,0.056124375,7.37495,"RMS_50","One.Hour","02","10","Screened","50","Type_4"
"178","RMS_50 02.02.11b.tif ",47.7007,33.9827,35,42,6.8201,2.0797,58.506,47.792,1.752,4.188,0.0019700625,1248.56179375,0.000398425,0.064928125,6.75790625,"RMS_50","One.Hour","02","11","Screened","50","Type_4"
"179","RMS_50 02.02.12b.tif ",55.0263,34.909,41,48,4.6004,1.5874,65.145,55.164,1.576,3.163,0.0015470625,1492.6222125,0.00031935625,0.057033125,6.9016,"RMS_50","One.Hour","02","12","Screened","50","Type_4"
"180","RMS_50 03.01.01a.tif ",53.0288,33.651,39,48,5.0031,1.613,62.753,53.031,1.573,3.22,0.0010590375,1412.969,0.00033371875,0.0522425,7.2700625,"RMS_50","Five.Hours","01","01","Sequential","50","Type_4"
"181","RMS_50 03.01.01b.tif ",53.7021,34.53,39,49,4.4685,1.555,63.662,53.536,1.577,3.223,0.001196625,1483.439025,0.00031840625,0.05350375,7.153975,"RMS_50","Five.Hours","01","01","Screened","50","Type_4"
"182","RMS_50 03.01.02a.tif ",58.1909,34.889,45,52,3.9067,1.3807,67.755,58.212,1.506,2.824,0.0011779375,1675.25053125,0.00025833375,0.049863125,7.1287,"RMS_50","Five.Hours","01","02","Sequential","50","Type_4"
"183","RMS_50 03.01.02b.tif ",55.4364,34.8178,39,50,4.1859,1.4832,65.274,55.444,1.548,3.079,0.00135975,1543.06408125,0.0003015,0.054493125,7.01293125,"RMS_50","Five.Hours","01","02","Screened","50","Type_4"
"184","RMS_50 03.01.03a.tif ",44.6971,29.0614,35,39,10.0293,2.2494,53.117,44.553,1.698,4.111,0.0019140625,990.935275,0.00049091875,0.06578625,6.70849375,"RMS_50","Five.Hours","01","03","Sequential","50","Type_4"
"185","RMS_50 03.01.03b.tif ",50.4467,34.2663,36,45,5.7651,1.8532,60.926,50.455,1.67,3.709,0.0012039375,1407.59158125,0.00034218125,0.05476875,7.2049625,"RMS_50","Five.Hours","01","03","Screened","50","Type_4"
"186","RMS_50 03.01.04b.tif ",65.9034,40.9553,47,60,1.8418,1.1208,77.579,66.066,1.482,2.646,0.0007121,2237.37400625,0.0001999275,0.0418275,7.62796875,"RMS_50","Five.Hours","01","04","Screened","50","Type_4"
"187","RMS_50 03.01.05b.tif ",62.2861,40.1902,44,56,2.2238,1.2336,74.162,62.264,1.518,2.834,0.00077794375,2042.1419875,0.00022879625,0.04427,7.56480625,"RMS_50","Five.Hours","01","05","Screened","50","Type_4"
"188","RMS_50 03.01.06b.tif ",67.4348,42.5434,47,59,1.5189,1.081,79.818,67.38,1.472,2.625,0.00065110625,2379.9793625,0.000190375625,0.040644375,7.7199375,"RMS_50","Five.Hours","01","06","Screened","50","Type_4"
"189","RMS_50 03.01.07b.tif ",61.9245,38.2267,45,54,2.4827,1.203,72.595,61.895,1.498,2.742,0.0008387125,1901.87435,0.00024039375,0.04535125,7.46064375,"RMS_50","Five.Hours","01","07","Screened","50","Type_4"
"190","RMS_50 03.02.04a.tif ",48.208,33.4387,35,42,6.5045,1.9252,58.584,48.238,1.7,3.925,0.0008850625,1275.34513125,0.0003851625,0.053716875,7.4831375,"RMS_50","Five.Hours","02","04","Sequential","50","Type_4"
"191","RMS_50 03.02.05a.tif ",53.8967,35.144,40,47,5.1038,1.7109,64.443,53.755,1.593,3.366,0.001330875,1495.32453125,0.000320725,0.054498125,7.0676375,"RMS_50","Five.Hours","02","05","Sequential","50","Type_4"
"192","RMS_50 03.02.06a.tif ",49.0841,34.3928,35,41,6.435,1.9979,59.974,49.401,1.721,3.988,0.0014545625,1363.24468125,0.0003591,0.0581925,7.0394875,"RMS_50","Five.Hours","02","06","Sequential","50","Type_4"
"193","RMS_50 03.02.08b.tif ",63.9179,40.1301,43,58,2.2673,1.2295,75.405,63.849,1.506,2.763,0.0010453625,1965.40079375,0.00024313125,0.0489025,7.277625,"RMS_50","Five.Hours","02","08","Screened","50","Type_4"
"194","RMS_50 03.02.09b.tif ",68.2255,41.4848,51,63,1.5617,1.0486,79.38,67.533,1.485,2.581,0.0010674375,2259.75315625,0.0002009325,0.047060625,7.2243875,"RMS_50","Five.Hours","02","09","Screened","50","Type_4"
"195","RMS_50 03.02.10b.tif ",46.5027,33.1312,32,39,6.6127,1.981,56.926,46.432,1.75,4.146,0.0009253625,1263.34949375,0.00038755,0.05373375,7.47271875,"RMS_50","Five.Hours","02","10","Screened","50","Type_4"
"196","RMS_50 03.02.11b.tif ",53.5792,36.9551,35,46,4.0549,1.6311,64.875,53.593,1.649,3.494,0.001493375,1556.34005625,0.000315725,0.057654375,7.001125,"RMS_50","Five.Hours","02","11","Screened","50","Type_4"
"197","RMS_50 03.02.12b.tif ",60.3513,39.8318,44,54,2.6763,1.3542,72.337,60.27,1.558,3.013,0.0010027625,1889.92799375,0.00025568125,0.049398125,7.34469375,"RMS_50","Five.Hours","02","12","Screened","50","Type_4"
"198","RMS_50 04.01.01a.tif ",55.487,34.8514,39,51,4.2783,1.5057,65.473,55.487,1.55,3.073,0.00096665,1511.551725,0.0003125,0.050373125,7.35451875,"RMS_50","Ten.Hours","01","01","Sequential","50","Type_4"
"199","RMS_50 04.01.01b.tif ",57.9953,36.8146,41,52,3.1485,1.3405,68.585,58.017,1.541,2.93,0.0011475,1668.14950625,0.000285,0.052583125,7.17809375,"RMS_50","Ten.Hours","01","01","Screened","50","Type_4"
"200","RMS_50 04.01.02a.tif ",58.355,35.2261,45,52,3.8091,1.388,68.065,58.371,1.512,2.842,0.0011778125,1687.09425,0.000260041875,0.05007,7.13809375,"RMS_50","Ten.Hours","01","02","Sequential","50","Type_4"
"201","RMS_50 04.01.02b.tif ",58.4847,36.5082,39,53,2.9364,1.2663,68.764,58.478,1.507,2.842,0.0011680625,1696.0119,0.000274425,0.05194875,7.13854375,"RMS_50","Ten.Hours","01","02","Screened","50","Type_4"
"202","RMS_50 04.01.03a.tif ",53.9061,33.501,43,50,5.0178,1.5842,63.55,53.933,1.535,3.08,0.0012935,1377.7841375,0.0003457125,0.055124375,7.05724375,"RMS_50","Ten.Hours","01","03","Sequential","50","Type_4"
"203","RMS_50 04.01.03b.tif ",48.3361,33.8757,33,42,6.3887,1.9577,58.78,48.389,1.736,4.026,0.0011194375,1357.016725,0.000356975,0.054720625,7.287,"RMS_50","Ten.Hours","01","03","Screened","50","Type_4"
"204","RMS_50 04.01.04b.tif ",74.0117,44.3165,54,66,0.8788,0.8773,86.186,73.999,1.43,2.386,0.000492375,2618.2766125,0.000171095,0.0364175,7.95094375,"RMS_50","Ten.Hours","01","04","Screened","50","Type_4"
"205","RMS_50 04.01.05b.tif ",68.3983,42.7347,49,62,1.3451,1.0159,80.451,68.225,1.48,2.598,0.00060623125,2392.6009875,0.00019006375,0.03978875,7.768775,"RMS_50","Ten.Hours","01","05","Screened","50","Type_4"
"206","RMS_50 04.01.06b.tif ",68.626,43.4255,46,60,1.2176,1.0017,81.066,68.706,1.481,2.586,0.00051853125,2417.86229375,0.000191449375,0.038775625,7.9263625,"RMS_50","Ten.Hours","01","06","Screened","50","Type_4"
"207","RMS_50 04.01.07b.tif ",66.9469,40.8889,51,60,1.6072,1.0272,78.393,67.081,1.459,2.541,0.00067641875,2193.9868,0.000207021875,0.04148875,7.64743125,"RMS_50","Ten.Hours","01","07","Screened","50","Type_4"
"208","RMS_50 04.02.04a.tif ",50.2693,33.7651,36,44,5.6654,1.7586,60.568,50.353,1.632,3.566,0.00075888125,1328.39534375,0.00036715,0.0509375,7.6097625,"RMS_50","Ten.Hours","02","04","Sequential","50","Type_4"
"209","RMS_50 04.02.05a.tif ",58.6051,37.0865,43,53,3.6716,1.4508,69.434,58.618,1.531,2.976,0.0010640875,1685.87929375,0.0002826625,0.050039375,7.25926875,"RMS_50","Ten.Hours","02","05","Sequential","50","Type_4"
"210","RMS_50 04.02.06a.tif ",49.1336,33.8783,36,42,6.5126,1.99,59.626,49.149,1.708,3.938,0.0013153125,1287.1505,0.00038364375,0.05758125,7.13150625,"RMS_50","Ten.Hours","02","06","Sequential","50","Type_4"
"211","RMS_50 04.02.08b.tif ",65.078,40.7746,46,56,2.0542,1.1801,76.698,65.246,1.5,2.72,0.00094509375,1998.51439375,0.00024103125,0.047885,7.36806875,"RMS_50","Ten.Hours","02","08","Screened","50","Type_4"
"212","RMS_50 04.02.09b.tif ",72.2227,42.0909,54,65,1.1715,0.8976,83.537,72.321,1.405,2.363,0.0008949125,2337.17985625,0.000193679375,0.04449625,7.3595125,"RMS_50","Ten.Hours","02","09","Screened","50","Type_4"
"213","RMS_50 04.02.10b.tif ",48.4408,34.381,31,41,5.6347,1.8477,59.394,48.519,1.699,3.87,0.000816125,1380.40255,0.000352925,0.051249375,7.58865625,"RMS_50","Ten.Hours","02","10","Screened","50","Type_4"
"214","RMS_50 04.02.11b.tif ",56.0183,37.6536,40,48,3.7024,1.5482,67.514,55.877,1.6,3.274,0.0014395,1623.16169375,0.00030226875,0.0567325,7.01465625,"RMS_50","Ten.Hours","02","11","Screened","50","Type_4"
"215","RMS_50 04.02.12b.tif ",65.4716,42.845,43,57,1.7213,1.1662,78.372,65.457,1.513,2.774,0.00080698125,2134.58264375,0.000228675,0.045698125,7.53875,"RMS_50","Ten.Hours","02","12","Screened","50","Type_4"
"216","RMS_60 04.01.01a.tif ",60.8589,37.2352,48,55,3.0052,1.3001,71.193,60.886,1.508,2.784,0.0010738375,1844.6613125,0.000243178125,0.04865125,7.24353125,"RMS_60","Ten.Hours","01","01","Sequential","60","Type_4"
"217","RMS_60 04.01.02a.tif ",62.1397,40.229,41,54,1.9712,1.1799,73.782,62.122,1.53,2.821,0.00081966875,1962.82480625,0.000244125,0.046083125,7.51154375,"RMS_60","Ten.Hours","01","02","Sequential","60","Type_4"
"218","RMS_60 04.01.03a.tif ",64.0006,38.4725,50,58,2.4435,1.1939,74.527,63.987,1.476,2.654,0.0013765625,1977.49613125,0.00022590375,0.051209375,6.9808625,"RMS_60","Ten.Hours","01","03","Sequential","60","Type_4"
"219","RMS_60 04.02.04a.tif ",46.394,30.2503,37,40,8.8203,2.1152,55.256,46.473,1.679,3.946,0.001566,1119.8041875,0.00042598125,0.059831875,6.891025,"RMS_60","Ten.Hours","02","04","Sequential","60","Type_4"
"220","RMS_60 04.02.05a.tif ",52.2231,32.103,43,47,6.1778,1.7175,61.443,52.372,1.551,3.2,0.002348375,1347.61135,0.00033769375,0.065300625,6.4716625,"RMS_60","Ten.Hours","02","05","Sequential","60","Type_4"
"221","RMS_60 04.02.06a.tif ",75.6337,44.6116,57,69,0.6,0.7488,87.507,75.741,1.413,2.299,0.00086179375,2527.5480125,0.000184626875,0.04403625,7.35373125,"RMS_60","Ten.Hours","02","06","Sequential","60","Type_4"
"222","RMS_68 00.01.01a.tif ",44.4541,29.9105,36,40,10.5471,2.384,53.565,44.28,1.741,4.399,0.0037270625,1036.84994375,0.0004711375,0.0800125,6.06151875,"RMS_68","Fresh","01","01","Sequential","68","Type_5"
"223","RMS_68 00.01.02a.tif ",39.1242,28.1612,30,35,14.5828,2.8869,48.021,39.011,1.943,5.727,0.004544625,837.9765125,0.0005953875,0.089170625,5.87985,"RMS_68","Fresh","01","02","Sequential","68","Type_5"
"224","RMS_68 00.01.03a.tif ",42.5648,28.7642,37,37,12.991,2.6264,51.082,42.479,1.817,4.919,0.005723625,918.2162875,0.00053885625,0.095585,5.60520625,"RMS_68","Fresh","01","03","Sequential","68","Type_5"
"225","RMS_68 00.02.04a.tif ",46.782,30.1216,41,41,9.2424,2.1424,55.731,47.113,1.651,3.877,0.004310125,995.79035,0.00049839375,0.084094375,5.87161875,"RMS_68","Fresh","02","04","Sequential","68","Type_5"
"226","RMS_68 00.02.05a.tif ",39.1822,30.5386,28,32,12.5313,2.8485,49.721,39.421,2.018,6.008,0.004105875,922.5924375,0.000542,0.087959375,6.04865,"RMS_68","Fresh","02","05","Sequential","68","Type_5"
"227","RMS_68 00.02.06a.tif ",56.1256,33.9975,46,53,5.0226,1.5662,65.697,56.076,1.512,2.977,0.0050406875,1292.91470625,0.00038231875,0.0908175,5.70641875,"RMS_68","Fresh","02","06","Sequential","68","Type_5"
"228","RMS_68 01.01.01a.tif ",45.5676,30.7371,38,43,9.383,2.2577,55.004,45.677,1.732,4.24,0.003127375,1117.5375,0.0004335125,0.074135625,6.23389375,"RMS_68","Ten.Minutes","01","01","Sequential","68","Type_5"
"229","RMS_68 01.01.02a.tif ",43.0772,29.3947,37,37,11.0585,2.436,52.407,43.09,1.741,4.505,0.004053125,1001.04646875,0.00048791875,0.08364625,5.9740875,"RMS_68","Ten.Minutes","01","02","Sequential","68","Type_5"
"230","RMS_68 01.01.03a.tif ",46.0134,30.2574,36,41,9.3206,2.171,55.148,46.294,1.677,4.008,0.004371,1049.00375,0.00046754375,0.086943125,5.8718875,"RMS_68","Ten.Minutes","01","03","Sequential","68","Type_5"
"231","RMS_68 01.02.04a.tif ",49.3463,31.0089,40,45,7.91,1.9723,58.35,49.24,1.601,3.552,0.0036299375,1094.7360125,0.00044921875,0.07830875,6.04241875,"RMS_68","Ten.Minutes","02","04","Sequential","68","Type_5"
"232","RMS_68 01.02.05a.tif ",45.8464,30.751,38,43,9.2741,2.2361,55.197,45.941,1.726,4.182,0.003846125,1101.28761875,0.00044275,0.08201375,6.02659375,"RMS_68","Ten.Minutes","02","05","Sequential","68","Type_5"
"233","RMS_68 01.02.06a.tif ",58.2341,34.7499,45,52,4.017,1.3937,67.591,57.946,1.495,2.832,0.0043174375,1398.7139875,0.00034974375,0.08480625,5.84386875,"RMS_68","Ten.Minutes","02","06","Sequential","68","Type_5"
"234","RMS_68 02.01.01a.tif ",46.5645,30.8518,36,40,9.1293,2.2151,55.825,46.374,1.698,4.09,0.003410125,1102.12214375,0.00044353125,0.0776075,6.1509,"RMS_68","One.Hour","01","01","Sequential","68","Type_5"
"235","RMS_68 02.01.01b.tif ",55.0757,32.7186,45,51,5.2323,1.5482,64.176,54.961,1.499,2.927,0.0036523125,1430.78616875,0.00031221875,0.07618375,6.0236125,"RMS_68","One.Hour","01","01","Screened","68","Type_5"
"236","RMS_68 02.01.02a.tif ",46.9522,30.8455,40,40,8.8774,2.1753,56.232,46.864,1.672,3.963,0.0040856875,1105.239125,0.0004417625,0.08358375,5.96665625,"RMS_68","One.Hour","01","02","Sequential","68","Type_5"
"237","RMS_68 02.01.03a.tif ",48.4505,30.323,38,44,8.367,1.9664,57.092,48.212,1.614,3.622,0.0044285625,1118.1249625,0.0004277875,0.085428125,5.8278875,"RMS_68","One.Hour","01","03","Sequential","68","Type_5"
"238","RMS_68 02.02.02b.tif ",48.9044,32.1512,38,44,7.3085,1.9753,58.432,48.669,1.666,3.789,0.0044054375,1201.81230625,0.000406275,0.086969375,5.884175,"RMS_68","One.Hour","02","02","Screened","68","Type_5"
"239","RMS_68 02.02.03b.tif ",53.9127,34.8514,41,47,4.7178,1.5977,64.206,53.864,1.588,3.25,0.003994625,1456.3381125,0.000330975,0.0829125,5.969175,"RMS_68","One.Hour","02","03","Screened","68","Type_5"
"240","RMS_68 02.02.04a.tif ",51.3553,32.3807,40,45,6.7322,1.8423,60.916,51.388,1.565,3.395,0.00339675,1225.642325,0.00039766875,0.075585,6.11021875,"RMS_68","One.Hour","02","04","Sequential","68","Type_5"
"241","RMS_68 02.02.04b.tif ",48.969,32.4438,37,42,6.6728,1.8964,58.644,49.385,1.666,3.703,0.004034,1176.072725,0.0004197875,0.084358125,5.9767,"RMS_68","One.Hour","02","04","Screened","68","Type_5"
"242","RMS_68 02.02.05a.tif ",47.2602,30.8617,40,40,8.6009,2.1256,56.496,47.185,1.663,3.894,0.0040176875,1095.3957625,0.00044711875,0.08377,5.9789,"RMS_68","One.Hour","02","05","Sequential","68","Type_5"
"243","RMS_68 02.02.05b.tif ",54.3794,34.9355,40,46,4.7983,1.6293,64.8,54.242,1.559,3.211,0.0038189375,1421.40868125,0.00034324375,0.0809625,6.0148625,"RMS_68","One.Hour","02","05","Screened","68","Type_5"
"244","RMS_68 02.02.06a.tif ",59.4514,37.1207,48,54,3.3791,1.3884,70.15,59.442,1.525,2.906,0.003418625,1607.22055625,0.00030349375,0.0775925,6.09655,"RMS_68","One.Hour","02","06","Sequential","68","Type_5"
"245","RMS_68 02.02.06b.tif ",59.4514,37.1207,48,54,3.3791,1.3884,70.15,59.442,1.525,2.906,0.003418625,1607.22055625,0.00030349375,0.0775925,6.09655,"RMS_68","One.Hour","02","06","Screened","68","Type_5"
"246","RMS_68 03.01.01a.tif ",47.4014,31.4894,37,42,8.2984,2.1138,57.013,47.364,1.686,3.946,0.00343375,1169.81795625,0.00041479375,0.07735625,6.1350875,"RMS_68","Five.Hours","01","01","Sequential","68","Type_5"
"247","RMS_68 03.01.01b.tif ",53.8487,32.064,44,49,5.593,1.5892,62.695,53.594,1.507,3.017,0.00362125,1369.43240625,0.00032739375,0.075435625,6.02555,"RMS_68","Five.Hours","01","01","Screened","68","Type_5"
"248","RMS_68 03.01.02a.tif ",50.7543,33.0864,38,44,6.2925,1.8494,60.484,50.488,1.633,3.595,0.004026,1326.96278125,0.00036103125,0.08127,5.9698375,"RMS_68","Five.Hours","01","02","Sequential","68","Type_5"
"249","RMS_68 03.01.03a.tif ",52.3057,32.6233,44,51,5.897,1.6812,61.875,52.655,1.537,3.188,0.004901125,1342.96541875,0.0003485125,0.088195625,5.73248125,"RMS_68","Five.Hours","01","03","Sequential","68","Type_5"
"250","RMS_68 03.02.02b.tif ",55.8848,35.8225,41,53,4.2151,1.5237,66.332,55.825,1.573,3.151,0.0036563125,1583.5337375,0.0002997375,0.0783875,6.04526875,"RMS_68","Five.Hours","02","02","Screened","68","Type_5"
"251","RMS_68 03.02.03b.tif ",58.7212,38.4307,43,54,2.9278,1.361,69.699,58.554,1.583,3.099,0.0026655625,1721.0172,0.0002835375,0.0710575,6.358025,"RMS_68","Five.Hours","02","03","Screened","68","Type_5"
"252","RMS_68 03.02.04a.tif ",53.6538,34.0483,43,48,5.4728,1.6952,63.097,53.465,1.62,3.392,0.003444,1341.9866,0.00036453125,0.076476875,6.09885,"RMS_68","Five.Hours","02","04","Sequential","68","Type_5"
"253","RMS_68 03.02.04b.tif ",58.3326,37.3488,45,51,3.3922,1.4183,69.438,58.232,1.532,2.971,0.0030588125,1644.0771875,0.0002952,0.074213125,6.2213875,"RMS_68","Five.Hours","02","04","Screened","68","Type_5"
"254","RMS_68 03.02.05a.tif ",46.4025,31.1472,35,40,8.3041,2.1234,56.047,46.458,1.67,3.986,0.00418475,1105.90769375,0.00044413125,0.084790625,5.9462,"RMS_68","Five.Hours","02","05","Sequential","68","Type_5"
"255","RMS_68 03.02.05b.tif ",64.4066,41.4352,45,56,2.039,1.1976,76.825,64.348,1.499,2.762,0.0023645,2070.1435125,0.0002322125,0.06591,6.45670625,"RMS_68","Five.Hours","02","05","Screened","68","Type_5"
"256","RMS_68 03.02.06a.tif ",66.1923,41.3646,48,60,1.8353,1.1331,78.102,66.188,1.483,2.661,0.002631,2006.3417125,0.0002425875,0.069260625,6.3392875,"RMS_68","Five.Hours","02","06","Sequential","68","Type_5"
"257","RMS_68 03.02.06b.tif ",66.1923,41.3646,48,60,1.8353,1.1331,78.102,66.188,1.483,2.661,0.002631,2006.3417125,0.0002425875,0.069260625,6.3392875,"RMS_68","Five.Hours","02","06","Screened","68","Type_5"
"258","RMS_68 04.01.01a.tif ",49.4175,32.9665,37,45,7.283,2.0137,59.276,49.58,1.686,3.886,0.0024600625,1289.29970625,0.00037549375,0.068926875,6.472325,"RMS_68","Ten.Hours","01","01","Sequential","68","Type_5"
"259","RMS_68 04.01.01b.tif ",57.0809,33.7981,48,52,4.2972,1.417,66.39,57.22,1.484,2.805,0.0023869375,1528.64108125,0.000292,0.064304375,6.43305,"RMS_68","Ten.Hours","01","01","Screened","68","Type_5"
"260","RMS_68 04.01.02a.tif ",50.9748,34.1529,38,43,5.7505,1.8171,61.334,51.115,1.647,3.603,0.002957125,1385.6308125,0.0003489875,0.073239375,6.28778125,"RMS_68","Ten.Hours","01","02","Sequential","68","Type_5"
"261","RMS_68 04.01.03a.tif ",53.9253,33.8084,44,49,4.9704,1.5699,63.644,53.704,1.547,3.164,0.0033951875,1426.36565625,0.00033035,0.07654,6.089325,"RMS_68","Ten.Hours","01","03","Sequential","68","Type_5"
"262","RMS_68 04.02.02b.tif ",56.9696,36.3055,41,52,3.6801,1.4417,67.601,57.204,1.543,3.009,0.00266625,1640.7101625,0.0002878375,0.0697225,6.3512625,"RMS_68","Ten.Hours","02","02","Screened","68","Type_5"
"263","RMS_68 04.02.03b.tif ",63.9353,40.7375,46,57,2.12,1.1841,75.832,64.04,1.503,2.741,0.0020073125,2001.20439375,0.000240275,0.062145,6.60505,"RMS_68","Ten.Hours","02","03","Screened","68","Type_5"
"264","RMS_68 04.02.04a.tif ",52.6963,33.6525,44,49,5.3227,1.6562,62.441,52.598,1.573,3.283,0.0023888125,1313.3723875,0.00037211875,0.06769375,6.45765625,"RMS_68","Ten.Hours","02","04","Sequential","68","Type_5"
"265","RMS_68 04.02.04b.tif ",61.58,39.3586,46,57,2.5828,1.2738,73.127,61.675,1.518,2.831,0.002216,1876.66520625,0.00025535,0.065121875,6.523775,"RMS_68","Ten.Hours","02","04","Screened","68","Type_5"
"266","RMS_68 04.02.05a.tif ",49.5427,32.5131,41,46,6.7144,1.8857,59.558,49.575,1.619,3.581,0.002953,1259.96191875,0.0003833875,0.0736575,6.2750375,"RMS_68","Ten.Hours","02","05","Sequential","68","Type_5"
"267","RMS_68 04.02.05b.tif ",65.8022,41.662,45,61,1.7037,1.1044,77.92,65.816,1.485,2.68,0.0017943125,2181.16470625,0.0002151775,0.058795625,6.710575,"RMS_68","Ten.Hours","02","05","Screened","68","Type_5"
"268","RMS_68 04.02.06a.tif ",65.603,40.8474,47,58,1.8161,1.1056,77.205,65.627,1.494,2.651,0.0020359375,2000.82085,0.00024096875,0.06273875,6.5868875,"RMS_68","Ten.Hours","02","06","Sequential","68","Type_5"
"269","RMS_68 04.02.06b.tif ",65.603,40.8474,47,58,1.8161,1.1056,77.205,65.627,1.494,2.651,0.0020359375,2000.82085,0.00024096875,0.06273875,6.5868875,"RMS_68","Ten.Hours","02","06","Screened","68","Type_5"
"270","RMS_69 00.01.01a.tif ",47.3066,31.2276,37,43,7.5588,2.005,56.728,47.175,1.652,3.791,0.001483125,1233.71981875,0.00037843125,0.058046875,6.98156875,"RMS_69","Fresh","01","01","Sequential","69","Type_5"
"271","RMS_69 00.01.02a.tif ",45.0397,31.6324,31,40,7.2672,2.006,55.105,45.062,1.706,4.081,0.0013589375,1113.34131875,0.0004441375,0.05996875,7.0967125,"RMS_69","Fresh","01","02","Sequential","69","Type_5"
"272","RMS_69 00.01.03a.tif ",58.2557,35.7834,43,51,3.6642,1.4232,68.553,58.382,1.506,2.864,0.001848125,1702.65989375,0.0002634125,0.057804375,6.7235875,"RMS_69","Fresh","01","03","Sequential","69","Type_5"
"273","RMS_69 00.02.04a.tif ",37.3364,28.105,28,31,16.674,3.1798,46.899,37.236,2.026,6.408,0.002224125,838.90345625,0.0005942875,0.072488125,6.6204125,"RMS_69","Fresh","02","04","Sequential","69","Type_5"
"274","RMS_69 00.02.05a.tif ",44.2127,27.6336,37,41,12.2648,2.3936,52.402,44.233,1.638,4.042,0.00401575,971.26015,0.00047879375,0.08061375,5.9447,"RMS_69","Fresh","02","05","Sequential","69","Type_5"
"275","RMS_69 00.02.06a.tif ",46.1772,29.3639,37,42,9.4259,2.1448,54.808,46.155,1.648,3.82,0.003739625,1064.76721875,0.00044545,0.079451875,6.04168125,"RMS_69","Fresh","02","06","Sequential","69","Type_5"
"276","RMS_69 01.01.01a.tif ",59.2999,36.867,46,52,3.256,1.3767,69.931,59.199,1.508,2.851,0.001033025,1795.470225,0.000251375,0.048705625,7.304575,"RMS_69","Ten.Minutes","01","01","Sequential","69","Type_5"
"277","RMS_69 01.01.02a.tif ",55.8179,36.8282,36,49,3.2398,1.4235,66.938,55.69,1.564,3.067,0.0011240625,1652.99366875,0.00028895,0.051659375,7.241725,"RMS_69","Ten.Minutes","01","02","Sequential","69","Type_5"
"278","RMS_69 01.01.03a.tif ",64.5922,38.7319,50,59,2.5308,1.2192,75.238,64.531,1.47,2.653,0.001625,2048.4856125,0.00021325,0.053569375,6.82496875,"RMS_69","Ten.Minutes","01","03","Sequential","69","Type_5"
"279","RMS_69 01.02.04a.tif ",40.3491,28.572,32,35,13.4222,2.7328,49.406,40.317,1.879,5.262,0.0019216875,944.9293875,0.000517225,0.066175625,6.73419375,"RMS_69","Ten.Minutes","02","04","Sequential","69","Type_5"
"280","RMS_69 01.02.05a.tif ",42.9958,27.308,37,41,12.7866,2.4718,50.914,43.172,1.696,4.247,0.003408375,955.75545,0.00048348125,0.076239375,6.11503125,"RMS_69","Ten.Minutes","02","05","Sequential","69","Type_5"
"281","RMS_69 01.02.06a.tif ",51.0723,32.9625,40,45,5.9615,1.7861,60.773,50.872,1.605,3.454,0.002703375,1353.686975,0.00034843125,0.07034625,6.3711,"RMS_69","Ten.Minutes","02","06","Sequential","69","Type_5"
"282","RMS_69 02.01.01a.tif ",52.3677,32.9455,40,47,5.8558,1.7506,62.023,52.341,1.558,3.276,0.0016896875,1410.991925,0.00032439375,0.058738125,6.8374125,"RMS_69","One.Hour","01","01","Sequential","69","Type_5"
"283","RMS_69 02.01.01b.tif ",64.5952,39.0501,51,58,2.3512,1.205,75.439,64.511,1.476,2.648,0.0010627125,1992.95301875,0.0002287925,0.048440625,7.261525,"RMS_69","One.Hour","01","01","Screened","69","Type_5"
"284","RMS_69 02.01.02a.tif ",55.5284,35.5915,40,50,3.379,1.4011,66.025,55.535,1.532,2.964,0.001185625,1544.719075,0.00030935,0.05321125,7.1729875,"RMS_69","One.Hour","01","02","Sequential","69","Type_5"
"285","RMS_69 02.01.02b.tif ",58.5665,36.3872,45,52,3.3471,1.3797,68.816,58.591,1.532,2.897,0.001178375,1704.51753125,0.00027050625,0.0509775,7.16803125,"RMS_69","One.Hour","01","02","Screened","69","Type_5"
"286","RMS_69 02.01.03a.tif ",64.4058,37.6709,52,57,2.687,1.2065,74.713,64.593,1.44,2.564,0.001873375,1939.93425625,0.000224888125,0.056786875,6.67721875,"RMS_69","One.Hour","01","03","Sequential","69","Type_5"
"287","RMS_69 02.01.03b.tif ",67.2552,40.9872,49,60,1.6043,1.0613,78.753,67.303,1.458,2.528,0.0010073,2147.23448125,0.000216055,0.04701,7.2864625,"RMS_69","One.Hour","01","03","Screened","69","Type_5"
"288","RMS_69 02.01.04b.tif ",63.1796,39.5029,45,58,2.35,1.2231,74.319,63.154,1.511,2.774,0.0008370125,1909.83728125,0.00024975625,0.046294375,7.4926875,"RMS_69","One.Hour","01","04","Screened","69","Type_5"
"289","RMS_69 02.01.05b.tif ",61.4986,39.3288,41,55,2.3187,1.2305,72.826,61.533,1.528,2.83,0.00100084375,1892.9859,0.000251941875,0.048655625,7.31420625,"RMS_69","One.Hour","01","05","Screened","69","Type_5"
"290","RMS_69 02.01.06b.tif ",55.7319,36.8995,39,47,3.7738,1.5229,66.495,55.154,1.613,3.28,0.0016549375,1608.6541625,0.00030150625,0.057576875,6.85885625,"RMS_69","One.Hour","01","06","Screened","69","Type_5"
"291","RMS_69 02.01.07b.tif ",56.4192,36.6421,38,51,3.3917,1.4207,67.253,56.722,1.56,3.056,0.00100796875,1664.54924375,0.00028439375,0.04991625,7.3273875,"RMS_69","One.Hour","01","07","Screened","69","Type_5"
"292","RMS_69 02.01.08b.tif ",51.3959,32.6864,40,44,5.7678,1.7527,61.115,51.45,1.564,3.287,0.00211675,1365.71474375,0.0003392625,0.063405625,6.61259375,"RMS_69","One.Hour","01","08","Screened","69","Type_5"
"293","RMS_69 02.02.04a.tif ",41.1497,28.2915,33,36,13.2341,2.6721,49.869,41.071,1.832,5.02,0.0019646875,933.5375375,0.00052225,0.06675375,6.690025,"RMS_69","One.Hour","02","04","Sequential","69","Type_5"
"294","RMS_69 02.02.05a.tif ",48.9925,29.8295,40,44,8.1815,1.9102,57.325,48.902,1.566,3.398,0.0029208125,1203.36443125,0.00036628125,0.07101625,6.2498125,"RMS_69","One.Hour","02","05","Sequential","69","Type_5"
"295","RMS_69 02.02.06a.tif ",59.8839,36.7365,48,52,3.4403,1.3714,70.33,60.032,1.498,2.833,0.00211075,1750.460825,0.00026208125,0.061666875,6.57116875,"RMS_69","One.Hour","02","06","Sequential","69","Type_5"
"296","RMS_69 02.02.09b.tif ",68.8342,40.4049,51,64,1.8668,1.0613,80.053,68.95,1.419,2.428,0.0012715625,2234.1319,0.000195150625,0.04892125,7.043475,"RMS_69","One.Hour","02","09","Screened","69","Type_5"
"297","RMS_69 02.02.10b.tif ",72.7582,42.6782,57,65,1.2226,0.9278,84.183,72.795,1.432,2.394,0.00113975,2417.9994875,0.000186049375,0.047439375,7.1286875,"RMS_69","One.Hour","02","10","Screened","69","Type_5"
"298","RMS_69 02.02.11b.tif ",60.863,37.9899,46,55,3.0367,1.3453,71.629,60.871,1.53,2.874,0.0018789375,1869.62560625,0.00024553125,0.058481875,6.69934375,"RMS_69","One.Hour","02","11","Screened","69","Type_5"
"299","RMS_69 02.02.12b.tif ",53.8159,35.0539,42,46,5.0756,1.7089,64.232,53.801,1.605,3.37,0.0021031875,1498.2515375,0.0003189125,0.062646875,6.6218875,"RMS_69","One.Hour","02","12","Screened","69","Type_5"
"300","RMS_69 02.02.13b.tif ",59.8839,36.7365,48,52,3.4403,1.3714,70.33,60.032,1.498,2.833,0.00211075,1750.460825,0.00026208125,0.061666875,6.57116875,"RMS_69","One.Hour","02","13","Screened","69","Type_5"
"301","RMS_69 03.01.01a.tif ",61.5203,37.7008,48,55,2.9089,1.2977,72.119,61.577,1.493,2.78,0.00102623125,1881.26555625,0.00023962,0.04790625,7.29298125,"RMS_69","Five.Hours","01","01","Sequential","69","Type_5"
"302","RMS_69 03.01.01b.tif ",60.647,37.4111,48,55,2.8996,1.2971,71.103,60.676,1.514,2.801,0.0010776875,1841.44845,0.00024598125,0.048936875,7.24473125,"RMS_69","Five.Hours","01","01","Screened","69","Type_5"
"303","RMS_69 03.01.02a.tif ",63.0338,40.0748,42,56,1.9704,1.1746,74.569,63.182,1.508,2.749,0.00098020625,1999.07745625,0.0002362,0.047773125,7.336675,"RMS_69","Five.Hours","01","02","Sequential","69","Type_5"
"304","RMS_69 03.01.02b.tif ",60.6312,37.0457,46,53,3.0439,1.316,70.883,60.612,1.496,2.802,0.0011703125,1791.299075,0.00025453125,0.0503875,7.16961875,"RMS_69","Five.Hours","01","02","Screened","69","Type_5"
"305","RMS_69 03.01.03a.tif ",63.4419,38.1067,47,56,2.5401,1.2113,74.209,63.553,1.458,2.612,0.001510125,1966.35926875,0.000224003125,0.052811875,6.894625,"RMS_69","Five.Hours","01","03","Sequential","69","Type_5"
"306","RMS_69 03.01.03b.tif ",66.5665,41.08,47,58,1.7928,1.1102,78.102,66.479,1.482,2.626,0.00093650625,2153.19466875,0.000215806875,0.04616,7.36290625,"RMS_69","Five.Hours","01","03","Screened","69","Type_5"
"307","RMS_69 03.01.04b.tif ",66.2254,41.7253,51,60,1.7694,1.1255,78.198,66.346,1.494,2.68,0.00072213125,2089.8312375,0.00023057125,0.043694375,7.6276,"RMS_69","Five.Hours","01","04","Screened","69","Type_5"
"308","RMS_69 03.01.05b.tif ",68.5368,43.0259,47,61,1.3554,1.0318,80.839,68.457,1.479,2.6,0.000738325,2263.403,0.00021090375,0.043106875,7.58125,"RMS_69","Five.Hours","01","05","Screened","69","Type_5"
"309","RMS_69 03.01.06b.tif ",57.3132,37.6411,39,51,3.2409,1.4363,68.374,57.01,1.576,3.109,0.0015160625,1708.43679375,0.0002812375,0.05585375,6.94631875,"RMS_69","Five.Hours","01","06","Screened","69","Type_5"
"310","RMS_69 03.01.07b.tif ",65.1205,41.5174,46,56,1.8384,1.156,77.342,65.025,1.489,2.712,0.000791175,2166.5517625,0.000216610625,0.044103125,7.5437625,"RMS_69","Five.Hours","01","07","Screened","69","Type_5"
"311","RMS_69 03.01.08b.tif ",49.0307,31.22,39,43,6.7244,1.8321,57.997,48.482,1.611,3.503,0.0022544375,1231.77831875,0.00037956875,0.064808125,6.54035,"RMS_69","Five.Hours","01","08","Screened","69","Type_5"
"312","RMS_69 03.02.04a.tif ",45.4874,30.2758,35,42,9.2524,2.2084,54.461,45.344,1.715,4.169,0.00177375,1114.9464375,0.000428975,0.0620375,6.7863875,"RMS_69","Five.Hours","02","04","Sequential","69","Type_5"
"313","RMS_69 03.02.05a.tif ",51.4514,32.0904,40,45,6.6091,1.8202,60.605,51.235,1.579,3.377,0.002727375,1340.06615625,0.00034075625,0.06893625,6.34271875,"RMS_69","Five.Hours","02","05","Sequential","69","Type_5"
"314","RMS_69 03.02.06a.tif ",70.8233,42.7527,55,63,1.1152,0.9144,82.709,70.763,1.435,2.421,0.0010668875,2339.8295,0.00019820875,0.047360625,7.1787,"RMS_69","Five.Hours","02","06","Sequential","69","Type_5"
"315","RMS_69 03.02.09b.tif ",65.3694,38.7968,54,58,2.3732,1.17,75.855,65.341,1.464,2.601,0.0013354375,2052.455675,0.00021321375,0.05021625,7.0087875,"RMS_69","Five.Hours","02","09","Screened","69","Type_5"
"316","RMS_69 03.02.10b.tif ",80.1724,46.7331,61,73,0.354,0.6857,92.592,80.267,1.386,2.219,0.0006786625,2811.9402,0.00016429375,0.039944375,7.5835625,"RMS_69","Five.Hours","02","10","Screened","69","Type_5"
"317","RMS_69 03.02.11b.tif ",67.0893,42.2992,45,61,1.4372,1.0467,79.137,67.26,1.489,2.642,0.00111258125,2224.9359125,0.0002124075,0.04872,7.17336875,"RMS_69","Five.Hours","02","11","Screened","69","Type_5"
"318","RMS_69 03.02.12b.tif ",63.2462,40.4792,47,56,2.4317,1.2763,75.253,63.357,1.513,2.817,0.001459875,2062.66160625,0.0002271875,0.05329375,6.94683125,"RMS_69","Five.Hours","02","12","Screened","69","Type_5"
"319","RMS_69 03.02.13b.tif ",70.8233,42.7527,55,63,1.1152,0.9144,82.709,70.763,1.435,2.421,0.0010668875,2339.8295,0.00019820875,0.047360625,7.1787,"RMS_69","Five.Hours","02","13","Screened","69","Type_5"
"320","RMS_69 04.01.01b.tif ",62.7633,38.5696,49,56,2.4903,1.2304,73.798,62.667,1.476,2.689,0.000900625,1947.95508125,0.00023359625,0.0462875,7.41968125,"RMS_69","Ten.Hours","01","01","Screened","69","Type_5"
"321","RMS_69 04.01.02b.tif ",64.3415,38.4663,50,57,2.4697,1.189,74.807,64.314,1.462,2.635,0.00102643125,1979.4163625,0.00022535625,0.047495625,7.27865,"RMS_69","Ten.Hours","01","02","Screened","69","Type_5"
"322","RMS_69 04.01.03b.tif ",66.9689,42.3476,47,59,1.4276,1.0522,79.309,66.921,1.472,2.613,0.00066245625,2190.31151875,0.00021808375,0.042046875,7.6957625,"RMS_69","Ten.Hours","01","03","Screened","69","Type_5"
"323","RMS_69 04.01.04b.tif ",71.0864,44.5029,51,63,0.9464,0.937,83.909,71.119,1.459,2.495,0.00053731875,2397.80319375,0.00020015375,0.03929125,7.88210625,"RMS_69","Ten.Hours","01","04","Screened","69","Type_5"
"324","RMS_69 04.01.05b.tif ",74.0306,45.8941,48,67,0.6794,0.8512,86.85,73.97,1.452,2.438,0.00055245625,2513.968225,0.00019225625,0.0393725,7.83220625,"RMS_69","Ten.Hours","01","05","Screened","69","Type_5"
"325","RMS_69 04.01.06b.tif ",60.7268,38.9268,42,53,2.2986,1.2267,72.023,60.848,1.521,2.828,0.00105054375,1823.1245,0.00026395625,0.04984375,7.2648,"RMS_69","Ten.Hours","01","06","Screened","69","Type_5"
"326","RMS_69 04.01.07b.tif ",65.9861,42.1533,46,59,1.6222,1.1014,78.085,65.82,1.508,2.722,0.00066256875,2195.6801,0.000216050625,0.04199375,7.70395625,"RMS_69","Ten.Hours","01","07","Screened","69","Type_5"
"327","RMS_69 04.01.08b.tif ",55.6005,35.0953,44,48,4.1166,1.5191,65.952,55.687,1.528,3.021,0.001732375,1594.6532625,0.0002879125,0.057469375,6.79069375,"RMS_69","Ten.Hours","01","08","Screened","69","Type_5"
"328","RMS_69 04.02.09b.tif ",65.78,38.8621,53,60,2.2527,1.1259,76.41,65.83,1.447,2.526,0.0010773375,2043.788375,0.000215951875,0.047295625,7.20659375,"RMS_69","Ten.Hours","02","09","Screened","69","Type_5"
"329","RMS_69 04.02.10b.tif ",79.3596,47.0095,58,72,0.3066,0.6875,92.127,79.276,1.399,2.228,0.00061116875,2730.5445875,0.000173921875,0.039723125,7.6891125,"RMS_69","Ten.Hours","02","10","Screened","69","Type_5"
"330","RMS_69 04.02.11b.tif ",73.4462,44.0362,54,66,0.8741,0.8516,85.497,73.367,1.429,2.374,0.00095556875,2481.2894,0.000186915625,0.045656875,7.2789,"RMS_69","Ten.Hours","02","11","Screened","69","Type_5"
"331","RMS_69 04.02.12b.tif ",67.5899,41.8292,51,59,1.5745,1.0598,79.48,67.546,1.471,2.582,0.001194,2249.1710625,0.000205290625,0.0492575,7.10373125,"RMS_69","Ten.Hours","02","12","Screened","69","Type_5"
"332","RMS_69 04.02.13b.tif ",75.6337,44.6116,57,69,0.6,0.7488,87.507,75.741,1.413,2.299,0.00086179375,2527.5480125,0.000184626875,0.04403625,7.35373125,"RMS_69","Ten.Hours","02","13","Screened","69","Type_5"
"333","RMS_78 00.01.01a.tif ",44.0747,35.2546,30,37,8.3988,2.4795,56.301,44.213,1.995,5.397,0.002878625,1195.24699375,0.00041780625,0.075993125,6.4776875,"RMS_78","Fresh","01","01","Sequential","78","Type_5"
"334","RMS_78 00.01.02a.tif ",42.2521,28.3844,35,39,13.6893,2.7202,50.747,42.264,1.815,4.977,0.0026585625,967.4466625,0.0004971125,0.071395,6.38971875,"RMS_78","Fresh","01","02","Sequential","78","Type_5"
"335","RMS_78 00.01.03a.tif ",48.1124,30.1132,39,45,8.4065,2.0088,56.601,47.936,1.616,3.639,0.0016108125,1162.64305,0.000398075,0.0592425,6.85254375,"RMS_78","Fresh","01","03","Sequential","78","Type_5"
"336","RMS_78 00.02.04a.tif ",40.9426,31.0528,32,37,11.2316,2.6642,51.426,41.229,1.933,5.455,0.00369125,1030.33374375,0.000483525,0.083669375,6.15308125,"RMS_78","Fresh","02","04","Sequential","78","Type_5"
"337","RMS_78 00.02.05a.tif ",41.302,28.8754,32,35,12.3958,2.6541,50.215,41.189,1.857,5.069,0.0022951875,962.7163875,0.0005081,0.069843125,6.5722625,"RMS_78","Fresh","02","05","Sequential","78","Type_5"
"338","RMS_78 00.02.06a.tif ",59.7943,33.9841,51,55,3.846,1.3031,68.821,59.759,1.442,2.61,0.0017515625,1672.84310625,0.000241649375,0.055851875,6.7332875,"RMS_78","Fresh","02","06","Sequential","78","Type_5"
"339","RMS_78 01.01.01a.tif ",41.6127,31.682,32,36,10.3237,2.5893,52.453,41.63,1.898,5.281,0.002857,1044.57631875,0.00047813125,0.07562375,6.4207875,"RMS_78","Ten.Minutes","01","01","Sequential","78","Type_5"
"340","RMS_78 01.01.02a.tif ",45.6696,29.6291,35,43,10.0943,2.2736,54.271,45.679,1.698,4.16,0.002187125,1128.3278,0.00040870625,0.06504875,6.5733875,"RMS_78","Ten.Minutes","01","02","Sequential","78","Type_5"
"341","RMS_78 01.01.03a.tif ",50.7039,31.0589,44,47,7.3249,1.8579,59.698,50.548,1.54,3.319,0.0015695,1269.2753,0.00035706875,0.05748625,6.87176875,"RMS_78","Ten.Minutes","01","03","Sequential","78","Type_5"
"342","RMS_78 01.02.04a.tif ",43.6304,29.5998,35,39,10.0789,2.3026,52.542,43.536,1.757,4.437,0.0034606875,1060.41591875,0.0004522,0.079399375,6.13158125,"RMS_78","Ten.Minutes","02","04","Sequential","78","Type_5"
"343","RMS_78 01.02.05a.tif ",44.6076,29.9297,37,40,10.2171,2.3628,53.91,44.451,1.716,4.294,0.0020765625,1091.58049375,0.00043748125,0.06530375,6.64764375,"RMS_78","Ten.Minutes","02","05","Sequential","78","Type_5"
"344","RMS_78 01.02.06a.tif ",63.9923,36.1526,51,60,2.6769,1.109,73.731,64.095,1.404,2.413,0.001515125,1948.22971875,0.0001975525,0.0516125,6.85618125,"RMS_78","Ten.Minutes","02","06","Sequential","78","Type_5"
"345","RMS_78 02.01.01a.tif ",43.1283,32.1611,30,38,10.1751,2.5589,53.706,43.026,1.899,5.208,0.0030091875,1051.96305625,0.0004753875,0.076744375,6.35671875,"RMS_78","One.Hour","01","01","Sequential","78","Type_5"
"346","RMS_78 02.01.01b.tif ",44.4961,29.7769,34,41,9.9529,2.2966,53.547,44.529,1.732,4.243,0.0021470625,1088.0575,0.0004375375,0.06586,6.6052625,"RMS_78","One.Hour","01","01","Screened","78","Type_5"
"347","RMS_78 02.01.02a.tif ",47.6738,29.2793,40,44,8.989,2.0455,56.182,47.715,1.584,3.533,0.0025341875,1134.1721,0.00039734375,0.067568125,6.4019875,"RMS_78","One.Hour","01","02","Sequential","78","Type_5"
"348","RMS_78 02.01.02b.tif ",63.6304,37.9367,51,59,2.4022,1.1721,74.109,63.588,1.459,2.592,0.001456875,1933.80725,0.000229735,0.0528025,6.9249875,"RMS_78","One.Hour","01","02","Screened","78","Type_5"
"349","RMS_78 02.01.03a.tif ",57.3398,33.8955,48,51,4.1929,1.3822,66.626,57.237,1.478,2.793,0.0013824375,1544.398075,0.00028774375,0.05366125,6.9642,"RMS_78","One.Hour","01","03","Sequential","78","Type_5"
"350","RMS_78 02.01.03b.tif ",54.9642,34.2966,45,49,4.979,1.6249,64.754,55.281,1.562,3.14,0.0018801875,1601.39164375,0.0002731,0.05862625,6.71018125,"RMS_78","One.Hour","01","03","Screened","78","Type_5"
"351","RMS_78 02.01.04b.tif ",63.6525,39.1912,48,56,2.5949,1.2936,75.018,63.763,1.478,2.713,0.0013489375,1995.2480875,0.000229675625,0.051426875,7.03896875,"RMS_78","One.Hour","01","04","Screened","78","Type_5"
"352","RMS_78 02.012.05b.tif ",65.3541,38.3792,53,61,2.6672,1.2238,75.688,65.582,1.464,2.615,0.0013570625,1942.82970625,0.000232975,0.05140375,7.0067375,"RMS_78","One.Hour","01",".0","Screened","78","Type_5"
"353","RMS_78 02.012.06b.tif ",50.0942,30.7673,41,44,7.3007,1.8422,58.869,50.134,1.567,3.345,0.0016373125,1225.95095625,0.00037456875,0.0587075,6.8274875,"RMS_78","One.Hour","01",".0","Screened","78","Type_5"
"354","RMS_78 02.012.07b.tif ",57.301,34.5459,47,51,3.9962,1.4295,66.817,57.014,1.502,2.873,0.0015826875,1638.74920625,0.0002646875,0.0548775,6.8640875,"RMS_78","One.Hour","01",".0","Screened","78","Type_5"
"355","RMS_78 02.02.04a.tif ",45.2603,29.8547,37,42,9.358,2.1877,54.314,45.231,1.693,4.046,0.0037730625,1072.88035625,0.0004480125,0.081855,6.03761875,"RMS_78","One.Hour","02","04","Sequential","78","Type_5"
"356","RMS_78 02.02.05a.tif ",42.8957,28.727,34,37,11.8523,2.5159,51.796,42.743,1.743,4.522,0.0022890625,983.74174375,0.0004908875,0.069135625,6.54723125,"RMS_78","One.Hour","02","05","Sequential","78","Type_5"
"357","RMS_78 02.02.06a.tif ",66.7209,36.7634,59,63,2.3123,1.0101,76.128,66.688,1.39,2.331,0.0015713125,1991.62943125,0.000197521875,0.0525175,6.8071875,"RMS_78","One.Hour","02","06","Sequential","78","Type_5"
"358","RMS_78 03.01.01a.tif ",45.5002,32.619,37,41,9.5199,2.4451,55.863,45.719,1.84,4.787,0.0031655,1113.16155,0.00044854375,0.0768375,6.28463125,"RMS_78","Five.Hours","01","01","Sequential","78","Type_5"
"359","RMS_78 03.01.01b.tif ",50.8015,33.2217,38,45,6.0012,1.8117,60.632,50.891,1.631,3.525,0.0019006875,1334.7341,0.00035964375,0.06256125,6.72255,"RMS_78","Five.Hours","01","01","Screened","78","Type_5"
"360","RMS_78 03.01.02a.tif ",51.0552,30.9587,44,48,6.8589,1.7939,59.955,51.11,1.534,3.203,0.0021868125,1275.5638625,0.00035136875,0.06366875,6.5444875,"RMS_78","Five.Hours","01","02","Sequential","78","Type_5"
"361","RMS_78 03.01.02b.tif ",65.4069,38.2299,51,60,2.1784,1.0932,75.982,65.517,1.424,2.463,0.00141675,2009.84135,0.000215625625,0.05170125,6.93361875,"RMS_78","Five.Hours","01","02","Screened","78","Type_5"
"362","RMS_78 03.01.03a.tif ",61.6451,35.3972,53,57,3.1352,1.1936,71.107,61.71,1.435,2.536,0.001274,1716.67320625,0.0002538375,0.0515375,7.03225625,"RMS_78","Five.Hours","01","03","Sequential","78","Type_5"
"363","RMS_78 03.01.03b.tif ",60.8359,37.6014,45,54,3.374,1.3972,71.354,60.852,1.525,2.903,0.0015631875,1856.88233125,0.00024421875,0.0544425,6.8850625,"RMS_78","Five.Hours","01","03","Screened","78","Type_5"
"364","RMS_78 03.01.04b.tif ",64.6038,38.924,51,59,2.2551,1.1616,75.025,63.944,1.492,2.664,0.001234375,2012.852425,0.00022318625,0.04975875,7.09406875,"RMS_78","Five.Hours","01","04","Screened","78","Type_5"
"365","RMS_78 03.02.04a.tif ",44.3315,29.6957,33,38,9.613,2.236,53.358,44.428,1.729,4.201,0.0040849375,1033.77910625,0.00047060625,0.085969375,5.9693625,"RMS_78","Five.Hours","02","04","Sequential","78","Type_5"
"366","RMS_78 03.02.05a.tif ",47.3536,30.445,40,44,8.7337,2.1059,56.393,47.206,1.649,3.795,0.002153875,1140.10225625,0.0004169875,0.06606125,6.5871125,"RMS_78","Five.Hours","02","05","Sequential","78","Type_5"
"367","RMS_78 03.02.05b.tif ",65.1857,38.8911,51,59,2.52,1.2009,75.546,64.576,1.489,2.671,0.00125325,1931.752075,0.00024040625,0.050909375,7.082075,"RMS_78","Five.Hours","02","05","Screened","78","Type_5"
"368","RMS_78 03.02.06a.tif ",67.6759,37.3024,57,65,2.0102,0.9407,77.127,67.709,1.396,2.302,0.0013968125,2013.5746,0.000201175,0.05068125,6.90910625,"RMS_78","Five.Hours","02","06","Sequential","78","Type_5"
"369","RMS_78 03.02.06b.tif ",53.0745,32.2675,42,49,5.7683,1.6425,62.068,53.143,1.536,3.122,0.0015061875,1360.04568125,0.0003353375,0.0564625,6.89929375,"RMS_78","Five.Hours","02","06","Screened","78","Type_5"
"370","RMS_78 03.02.07b.tif ",57.3531,34.5588,47,51,3.9318,1.4079,66.862,57.067,1.499,2.858,0.00156275,1627.40078125,0.000269,0.054921875,6.86868125,"RMS_78","Five.Hours","02","07","Screened","78","Type_5"
"371","RMS_78 04.01.01a.tif ",41.3746,31.4769,31,35,10.77,2.6184,51.868,40.891,1.949,5.472,0.0033808125,1028.68164375,0.000485525,0.07991875,6.24259375,"RMS_78","Ten.Hours","01","01","Sequential","78","Type_5"
"372","RMS_78 04.01.01b.tif ",60.7186,39.7085,40,52,2.549,1.3246,72.755,60.826,1.527,2.909,0.0014045625,1871.7493875,0.000258675,0.05451,7.00603125,"RMS_78","Ten.Hours","01","01","Screened","78","Type_5"
"373","RMS_78 04.01.02a.tif ",59.9087,38.9898,43,54,3.1419,1.4294,71.322,59.631,1.569,3.065,0.00137925,1909.9587875,0.00024568125,0.052740625,7.03026875,"RMS_78","Ten.Hours","01","02","Sequential","78","Type_5"
"374","RMS_78 04.01.02b.tif ",67.3139,39.4315,51,60,1.8514,1.0384,78.232,67.418,1.418,2.423,0.0013319375,2062.4716,0.000218194375,0.05116,6.9902125,"RMS_78","Ten.Hours","01","02","Screened","78","Type_5"
"375","RMS_78 04.01.03a.tif ",62.5637,36.3698,51,58,2.8452,1.1688,72.247,62.372,1.451,2.572,0.00130225,1739.62561875,0.0002609,0.05201,7.01199375,"RMS_78","Ten.Hours","01","03","Sequential","78","Type_5"
"376","RMS_78 04.01.03b.tif ",65.8391,42.9813,43,58,1.662,1.1678,78.5,65.757,1.529,2.797,0.00095061875,2181.1082,0.0002224875,0.046935,7.3859,"RMS_78","Ten.Hours","01","03","Screened","78","Type_5"
"377","RMS_78 04.01.04b.tif ",62.8955,38.9156,49,57,2.6596,1.2776,73.96,62.969,1.498,2.753,0.001179375,1980.57475625,0.000230004375,0.04955625,7.15395,"RMS_78","Ten.Hours","01","04","Screened","78","Type_5"
"378","RMS_78 04.02.04a.tif ",47.3737,30.346,36,41,8.0329,1.989,56.356,47.703,1.621,3.667,0.0041918125,1116.7994625,0.00042906875,0.085165625,5.92429375,"RMS_78","Ten.Hours","02","04","Sequential","78","Type_5"
"379","RMS_78 04.02.05a.tif ",51.5512,32.8228,42,46,6.1423,1.7912,61.052,51.548,1.598,3.432,0.0019185625,1361.45496875,0.00034338125,0.06113125,6.6979375,"RMS_78","Ten.Hours","02","05","Sequential","78","Type_5"
"380","RMS_78 04.02.05b.tif ",64.4757,39.977,46,57,2.3914,1.243,75.761,64.432,1.496,2.758,0.00101974375,1980.2220125,0.0002392125,0.0483275,7.30650625,"RMS_78","Ten.Hours","02","05","Screened","78","Type_5"
"381","RMS_78 04.02.06a.tif ",64.3665,37.3884,53,61,2.6798,1.1622,74.315,64.622,1.449,2.557,0.001348125,1888.935475,0.00023400375,0.05118375,6.98045,"RMS_78","Ten.Hours","02","06","Sequential","78","Type_5"
"382","RMS_78 04.02.06b.tif ",55.3954,35.4727,41,48,4.5245,1.5985,65.669,55.425,1.591,3.206,0.00132625,1573.9817875,0.0002989,0.053815625,7.06453125,"RMS_78","Ten.Hours","02","06","Screened","78","Type_5"
"383","RMS_78 04.02.07b.tif ",57.7733,36.1903,43,51,3.7698,1.4504,67.822,57.171,1.559,3.042,0.0015469375,1756.625725,0.0002532825,0.054025625,6.89364375,"RMS_78","Ten.Hours","02","07","Screened","78","Type_5"
"384","RMS_79 00.01.01a.tif ",53.2317,32.9478,44,49,5.7905,1.7355,62.529,53.158,1.563,3.24,0.0025838125,1306.24615625,0.000368175,0.067955625,6.41510625,"RMS_79","Fresh","01","01","Sequential","79","Type_5"
"385","RMS_79 00.01.02a.tif ",54.0172,32.2024,45,50,5.4471,1.5874,62.86,53.909,1.517,2.993,0.0029835,1370.20519375,0.00032945,0.06954,6.22815625,"RMS_79","Fresh","01","02","Sequential","79","Type_5"
"386","RMS_79 00.01.03a.tif ",54.6821,33.2041,46,52,5.2561,1.597,64.061,54.998,1.525,3.036,0.003086375,1447.9395875,0.0003134,0.070306875,6.19969375,"RMS_79","Fresh","01","03","Sequential","79","Type_5"
"387","RMS_79 00.02.04a.tif ",42.3932,30.7971,31,35,10.9393,2.5558,52.33,42.492,1.87,5.09,0.0024875,1016.62869375,0.000489975,0.07188125,6.508825,"RMS_79","Fresh","02","04","Sequential","79","Type_5"
"388","RMS_79 00.02.05a.tif ",47.0291,31.1757,38,43,8.274,2.0819,56.414,47.126,1.683,3.922,0.0035655625,1160.00503125,0.0004159375,0.078321875,6.0966875,"RMS_79","Fresh","02","05","Sequential","79","Type_5"
"389","RMS_79 00.02.06a.tif ",55.1772,37.1926,39,49,3.945,1.5777,66.456,55.262,1.604,3.318,0.00262025,1488.48055,0.00033455,0.07025875,6.41860625,"RMS_79","Fresh","02","06","Sequential","79","Type_5"
"390","RMS_79 01.01.01a.tif ",52.6788,33.1206,40,48,5.6404,1.7387,62.429,52.763,1.561,3.243,0.0020568125,1349.85395625,0.00035174375,0.0623025,6.63379375,"RMS_79","Ten.Minutes","01","01","Sequential","79","Type_5"
"391","RMS_79 01.01.02a.tif ",55.6515,33.735,45,51,4.243,1.4413,65.193,55.653,1.488,2.885,0.0027673125,1518.36480625,0.00029465,0.06733625,6.29804375,"RMS_79","Ten.Minutes","01","02","Sequential","79","Type_5"
"392","RMS_79 01.01.03a.tif ",55.6166,34.5757,41,52,4.4687,1.5267,65.555,55.905,1.535,3.031,0.0028953125,1543.9527875,0.000298075,0.06941625,6.271525,"RMS_79","Ten.Minutes","01","03","Sequential","79","Type_5"
"393","RMS_79 01.02.04a.tif ",45.7096,31.5704,33,41,8.8116,2.2271,55.492,45.847,1.762,4.317,0.0023274375,1132.86786875,0.0004340375,0.0687525,6.54515625,"RMS_79","Ten.Minutes","02","04","Sequential","79","Type_5"
"394","RMS_79 01.02.05a.tif ",50.2447,31.7968,40,45,6.0736,1.7265,59.501,50.167,1.573,3.317,0.003273,1292.47645625,0.00035865,0.07408625,6.15020625,"RMS_79","Ten.Minutes","02","05","Sequential","79","Type_5"
"395","RMS_79 01.02.06a.tif ",57.5032,36.9947,42,53,3.7189,1.4803,68.208,57.79,1.58,3.1,0.0028125625,1564.66551875,0.00031383125,0.07043375,6.31363125,"RMS_79","Ten.Minutes","02","06","Sequential","79","Type_5"
"396","RMS_79 02.01.01a.tif ",52.5127,32.851,42,46,5.9409,1.7747,61.981,52.494,1.581,3.307,0.00236875,1306.43193125,0.0003671625,0.06639125,6.5053375,"RMS_79","One.Hour","01","01","Sequential","79","Type_5"
"397","RMS_79 02.01.01b.tif ",57.5426,36.7346,40,50,3.366,1.3986,68.164,57.362,1.544,3.003,0.0019733125,1694.19533125,0.00027725625,0.06067,6.6490625,"RMS_79","One.Hour","01","01","Screened","79","Type_5"
"398","RMS_79 02.01.02a.tif ",60.8111,35.5507,48,54,3.1981,1.2472,70.066,60.632,1.482,2.698,0.0026333125,1736.9823,0.00024965,0.06480625,6.32795625,"RMS_79","One.Hour","01","02","Sequential","79","Type_5"
"399","RMS_79 02.01.02b.tif ",58.7514,34.783,48,54,3.5618,1.3133,68.366,58.739,1.477,2.716,0.003484625,1649.0144375,0.00026541875,0.073334375,6.0512125,"RMS_79","One.Hour","01","02","Screened","79","Type_5"
"400","RMS_79 02.01.03a.tif ",60.189,35.8122,51,56,3.4843,1.3294,70.25,60.105,1.465,2.703,0.00296225,1725.621525,0.00025718125,0.06883,6.22770625,"RMS_79","One.Hour","01","03","Sequential","79","Type_5"
"401","RMS_79 02.01.03b.tif ",56.51,35.6056,45,51,3.8628,1.4602,66.832,56.509,1.528,3.012,0.0026276875,1623.17926875,0.00028538125,0.066528125,6.36790625,"RMS_79","One.Hour","01","03","Screened","79","Type_5"
"402","RMS_79 02.01.04b.tif ",58.6916,35.8595,45,51,3.5377,1.3644,68.962,58.601,1.49,2.806,0.0030045625,1734.49120625,0.000255075,0.06912125,6.21518125,"RMS_79","One.Hour","01","04","Screened","79","Type_5"
"403","RMS_79 02.01.05b.tif ",55.105,34.7491,44,49,4.1866,1.5059,65.047,55.183,1.536,3.052,0.0026003125,1529.01631875,0.0003052125,0.066835,6.3869125,"RMS_79","One.Hour","01","05","Screened","79","Type_5"
"404","RMS_79 02.02.04a.tif ",43.2045,30.3842,32,36,9.9942,2.3676,52.979,43.197,1.766,4.573,0.0024570625,1051.3568375,0.00046745,0.070685625,6.49864375,"RMS_79","One.Hour","02","04","Sequential","79","Type_5"
"405","RMS_79 02.02.05a.tif ",51.5391,32.3128,41,46,5.76,1.6794,60.9,51.86,1.561,3.231,0.003372625,1338.84355,0.00034543125,0.0744675,6.1181875,"RMS_79","One.Hour","02","05","Sequential","79","Type_5"
"406","RMS_79 02.02.06a.tif ",55.7957,36.1651,42,47,4.1094,1.5474,66.339,56.18,1.596,3.196,0.0030306875,1451.9195375,0.000341025,0.07369125,6.24848125,"RMS_79","One.Hour","02","06","Sequential","79","Type_5"
"407","RMS_79 02.02.06b.tif ",53.0259,35.1723,40,45,5.0231,1.7051,63.75,53.067,1.595,3.413,0.0030715625,1357.5937,0.0003655875,0.0740825,6.23969375,"RMS_79","One.Hour","02","06","Screened","79","Type_5"
"408","RMS_79 02.02.07b.tif ",44.0567,31.6476,32,39,9.1469,2.3224,54.044,44.082,1.821,4.707,0.002275625,1123.7916625,0.00043908125,0.068546875,6.58596875,"RMS_79","One.Hour","02","07","Screened","79","Type_5"
"409","RMS_79 03.01.01a.tif ",55.9792,34.2722,45,50,4.5975,1.5365,65.519,56.02,1.541,3.042,0.0019138125,1465.78214375,0.00032169375,0.060705625,6.681075,"RMS_79","Five.Hours","01","01","Sequential","79","Type_5"
"410","RMS_79 03.01.01b.tif ",61.4856,38.5137,43,52,2.6112,1.2536,72.649,61.658,1.492,2.772,0.001910125,1865.59919375,0.00025146875,0.0598375,6.6628875,"RMS_79","Five.Hours","01","01","Screened","79","Type_5"
"411","RMS_79 03.01.02a.tif ",58.1143,34.8192,45,51,3.8733,1.3935,67.909,58.028,1.484,2.789,0.0032073125,1609.684475,0.00027916875,0.0718025,6.15795,"RMS_79","Five.Hours","01","02","Sequential","79","Type_5"
"412","RMS_79 03.01.02b.tif ",61.2722,36.3593,49,55,3.0512,1.247,71.046,61.111,1.475,2.684,0.003345875,1787.95326875,0.00024689375,0.072045625,6.092375,"RMS_79","Five.Hours","01","02","Screened","79","Type_5"
"413","RMS_79 03.01.03a.tif ",59.714,35.4095,48,54,3.6341,1.355,69.476,59.717,1.482,2.747,0.0034718125,1668.85494375,0.00026886875,0.073624375,6.06935625,"RMS_79","Five.Hours","01","03","Sequential","79","Type_5"
"414","RMS_79 03.01.03b.tif ",55.7543,34.5823,45,50,4.5779,1.5506,65.512,55.657,1.55,3.073,0.0026864375,1535.134675,0.00030109375,0.0670375,6.3424625,"RMS_79","Five.Hours","01","03","Screened","79","Type_5"
"415","RMS_79 03.01.04b.tif ",59.479,35.9358,47,53,3.4815,1.3277,69.389,59.39,1.5,2.809,0.0032346875,1738.61123125,0.00025488125,0.071203125,6.1369125,"RMS_79","Five.Hours","01","04","Screened","79","Type_5"
"416","RMS_79 03.01.05b.tif ",54.6037,33.8839,43,48,4.5422,1.5264,64.297,54.743,1.532,3.026,0.0025553125,1500.940375,0.0003032125,0.066488125,6.3923625,"RMS_79","Five.Hours","01","05","Screened","79","Type_5"
"417","RMS_79 03.02.04a.tif ",44.1983,30.6743,34,38,9.2312,2.2546,53.653,44.258,1.777,4.43,0.0025170625,1081.4189125,0.000453175,0.07134625,6.4645625,"RMS_79","Five.Hours","02","04","Sequential","79","Type_5"
"418","RMS_79 03.02.05a.tif ",54.1535,33.7205,39,51,4.6564,1.5327,63.871,53.989,1.533,3.047,0.003591875,1476.00758125,0.0003103,0.07656375,6.05416875,"RMS_79","Five.Hours","02","05","Sequential","79","Type_5"
"419","RMS_79 03.02.06a.tif ",57.9292,37.5178,43,54,3.5193,1.4601,68.578,57.747,1.592,3.167,0.0028534375,1612.60745,0.00030434375,0.071565,6.30145,"RMS_79","Five.Hours","02","06","Sequential","79","Type_5"
"420","RMS_79 03.02.06b.tif ",56.2351,36.8052,41,52,4.0127,1.5441,67.237,56.519,1.581,3.191,0.002773875,1536.07655,0.0003204875,0.0704475,6.32844375,"RMS_79","Five.Hours","02","06","Screened","79","Type_5"
"421","RMS_79 03.02.07b.tif ",43.3985,31.3952,32,36,9.6154,2.3813,53.717,43.395,1.799,4.724,0.0024214375,1095.489725,0.000451375,0.07023625,6.5262375,"RMS_79","Five.Hours","02","07","Screened","79","Type_5"
"422","RMS_79 04.01.01a.tif ",60.5237,35.9858,49,57,3.3842,1.3215,70.345,60.748,1.484,2.738,0.0015765625,1627.54500625,0.00028851875,0.05601375,6.853,"RMS_79","Ten.Hours","01","01","Sequential","79","Type_5"
"423","RMS_79 04.01.01b.tif ",65.0667,39.6265,47,61,2.1448,1.1485,76.384,64.957,1.466,2.603,0.00166725,2010.84470625,0.0002304625,0.05616125,6.78488125,"RMS_79","Ten.Hours","01","01","Screened","79","Type_5"
"424","RMS_79 04.01.02a.tif ",61.2452,36.5073,49,55,2.8812,1.2294,71.363,61.101,1.455,2.66,0.002642125,1815.65055,0.0002412,0.06554375,6.327475,"RMS_79","Ten.Hours","01","02","Sequential","79","Type_5"
"425","RMS_79 04.01.02b.tif ",64.0716,37.2002,54,60,2.5007,1.137,74.189,64.041,1.433,2.51,0.002918875,1915.5638375,0.000224674375,0.06768,6.21515,"RMS_79","Ten.Hours","01","02","Screened","79","Type_5"
"426","RMS_79 04.01.03a.tif ",64.0607,38.1651,51,56,2.4477,1.1679,74.835,64.008,1.442,2.565,0.0025128125,1963.82179375,0.000225541875,0.064354375,6.3741875,"RMS_79","Ten.Hours","01","03","Sequential","79","Type_5"
"427","RMS_79 04.01.03b.tif ",62.5611,37.3877,48,57,2.6508,1.1929,72.965,62.715,1.456,2.617,0.001884625,1876.579675,0.00023702375,0.057910625,6.6542375,"RMS_79","Ten.Hours","01","03","Screened","79","Type_5"
"428","RMS_79 04.01.04b.tif ",65.1716,38.6829,49,60,2.2282,1.1251,75.867,65.078,1.436,2.549,0.002287,2066.084,0.000208756875,0.06109375,6.45921875,"RMS_79","Ten.Hours","01","04","Screened","79","Type_5"
"429","RMS_79 04.01.05b.tif ",61.4,36.3228,50,55,3.1425,1.2821,71.115,61.273,1.478,2.702,0.0022361875,1770.93958125,0.00025110625,0.061796875,6.50645,"RMS_79","Ten.Hours","01","05","Screened","79","Type_5"
"430","RMS_79 04.02.04a.tif ",46.7154,31.4747,34,41,7.8644,2.0513,56.204,46.789,1.706,3.99,0.00221125,1185.86271875,0.0004066625,0.0670975,6.5726125,"RMS_79","Ten.Hours","02","04","Sequential","79","Type_5"
"431","RMS_79 04.02.05a.tif ",56.0669,34.04,44,49,4.0956,1.4311,65.629,55.846,1.498,2.907,0.003251375,1510.4215375,0.0003022125,0.07343125,6.14485,"RMS_79","Ten.Hours","02","05","Sequential","79","Type_5"
"432","RMS_79 04.02.06a.tif ",58.6448,36.5656,47,53,3.5718,1.4021,68.973,58.898,1.543,2.942,0.0027175,1544.76581875,0.0003168625,0.0697325,6.32605,"RMS_79","Ten.Hours","02","06","Sequential","79","Type_5"
"433","RMS_79 04.02.06b.tif ",58.5092,36.9179,45,50,3.5822,1.4415,69.004,58.395,1.547,3.011,0.002419875,1597.00764375,0.0003048875,0.065944375,6.4500625,"RMS_79","Ten.Hours","02","06","Screened","79","Type_5"
"434","RMS_79 04.02.07b.tif ",47.7214,32.2176,35,42,7.4343,2.0285,57.537,47.806,1.69,3.927,0.0018593125,1229.373425,0.00039416875,0.063041875,6.752,"RMS_79","Ten.Hours","02","07","Screened","79","Type_5"
"435","RMS_79 Neocortex 1c.tif ",66.3229,44.1219,50,59,1.2735,0.9902,79.578,66.255,1.509,2.717,0.000559125,2202.01695,0.00022371875,0.04365125,7.8483,"RMS_79","Neocortex","01","1","Screened","79","Type_5"
"436","RMS_79 Neocortex 2c.tif ",74.5223,46.027,51,68,0.5717,0.7885,87.352,74.49,1.437,2.391,0.0005983375,2484.65139375,0.0001960175,0.041698125,7.73889375,"RMS_79","Neocortex","01","2","Screened","79","Type_5"
"437","RMS_79 Neocortex 3c.tif ",73.0457,45.7039,47,68,0.5584,0.8022,86.012,72.984,1.446,2.42,0.00062288125,2382.92285,0.000206320625,0.04264375,7.7045,"RMS_79","Neocortex","01","3","Screened","79","Type_5"
